Cluster,Direction,Target,Source,Value
0,RNA -> Niche,Atp1a2,Bcl2l12,0.28348722859847797
0,RNA -> Niche,Atp1a2,Calml4,0.29876523246642883
0,RNA -> Niche,Atp1a2,Ccl17,0.3003030622932305
0,RNA -> Niche,Atp1a2,Col15a1,0.3709653796272506
0,RNA -> Niche,Atp1a2,Gm42418,0.44605626921935526
0,RNA -> Niche,Atp1a2,Hmox1,0.1881701126225856
0,RNA -> Niche,Atp1a2,Ifi27l2b,0.21195668347095767
0,RNA -> Niche,Atp1a2,Ifit2,0.1695390918006808
0,RNA -> Niche,Atp1a2,Ighg1,0.3867907913129937
0,RNA -> Niche,Atp1a2,Igkc,0.271369637093969
0,RNA -> Niche,Atp1a2,Iglc3,0.4114155673154076
0,RNA -> Niche,Atp1a2,Mgat3,0.23274820017404066
0,RNA -> Niche,Atp1a2,Muc5ac,0.23458501025415693
0,RNA -> Niche,Atp1a2,Pclaf,0.3324682826799137
0,RNA -> Niche,Atp1a2,Scgb1a1,0.31347174300632796
0,RNA -> Niche,Atp1a2,Sell,0.3451883400246792
0,RNA -> Niche,Atp1a2,Tagln,0.26940547586148755
0,RNA -> Niche,Atp1a2,Tff1,0.9038656846208911
0,RNA -> Niche,Atp1a2,Thbs3,0.3093008865560572
0,RNA -> Niche,Atp1a2,Xab2,0.2665736191799597
0,RNA -> Niche,Calml4,Bcl2l12,0.4174560885120514
0,RNA -> Niche,Calml4,Calml4,0.812426800663746
0,RNA -> Niche,Calml4,Ccl17,0.7686137848787197
0,RNA -> Niche,Calml4,Col15a1,0.38144691269421477
0,RNA -> Niche,Calml4,Gm42418,0.5589435243618462
0,RNA -> Niche,Calml4,Hmox1,0.4602451038044865
0,RNA -> Niche,Calml4,Ifi27l2b,0.3330492646529957
0,RNA -> Niche,Calml4,Ifit2,0.6079080342291417
0,RNA -> Niche,Calml4,Ighg1,0.6678380385960092
0,RNA -> Niche,Calml4,Igkc,0.5564810803912184
0,RNA -> Niche,Calml4,Iglc3,0.3237012171042929
0,RNA -> Niche,Calml4,Mgat3,0.8100348327845786
0,RNA -> Niche,Calml4,Muc5ac,0.6323888088133528
0,RNA -> Niche,Calml4,Pclaf,0.3488332690846586
0,RNA -> Niche,Calml4,Scgb1a1,0.643417329445934
0,RNA -> Niche,Calml4,Sell,0.691769406319998
0,RNA -> Niche,Calml4,Tagln,0.8216379419185221
0,RNA -> Niche,Calml4,Tff1,0.5906714711643841
0,RNA -> Niche,Calml4,Thbs3,0.3894368409604587
0,RNA -> Niche,Calml4,Xab2,0.3565892153492973
0,RNA -> Niche,Ccl17,Bcl2l12,0.6536872955563995
0,RNA -> Niche,Ccl17,Calml4,0.7495725785598752
0,RNA -> Niche,Ccl17,Ccl17,0.874594973612553
0,RNA -> Niche,Ccl17,Col15a1,0.6869240468907072
0,RNA -> Niche,Ccl17,Gm42418,0.8130217724132396
0,RNA -> Niche,Ccl17,Hmox1,0.7783791345229538
0,RNA -> Niche,Ccl17,Ifi27l2b,0.41605714857969517
0,RNA -> Niche,Ccl17,Ifit2,0.5130014788642656
0,RNA -> Niche,Ccl17,Ighg1,0.7113032392360795
0,RNA -> Niche,Ccl17,Igkc,0.8616609578063195
0,RNA -> Niche,Ccl17,Iglc3,0.533796474098415
0,RNA -> Niche,Ccl17,Mgat3,0.77484494303401
0,RNA -> Niche,Ccl17,Muc5ac,0.8624175143854546
0,RNA -> Niche,Ccl17,Pclaf,0.7183021313579062
0,RNA -> Niche,Ccl17,Scgb1a1,0.6480128884710719
0,RNA -> Niche,Ccl17,Sell,0.7224646124160996
0,RNA -> Niche,Ccl17,Tagln,0.9999999999999999
0,RNA -> Niche,Ccl17,Tff1,0.628164023111028
0,RNA -> Niche,Ccl17,Thbs3,0.5662178859216745
0,RNA -> Niche,Ccl17,Xab2,0.5954000032874917
0,RNA -> Niche,Chka,Bcl2l12,0.60200265764633
0,RNA -> Niche,Chka,Calml4,0.6681991457643276
0,RNA -> Niche,Chka,Ccl17,0.5269787297136904
0,RNA -> Niche,Chka,Col15a1,0.3332823160505478
0,RNA -> Niche,Chka,Gm42418,1.0
0,RNA -> Niche,Chka,Hmox1,0.6124103156361848
0,RNA -> Niche,Chka,Ifi27l2b,0.4901157596901397
0,RNA -> Niche,Chka,Ifit2,0.344328500000388
0,RNA -> Niche,Chka,Ighg1,0.38393010102711456
0,RNA -> Niche,Chka,Igkc,0.5772352932892602
0,RNA -> Niche,Chka,Iglc3,0.40042615195357223
0,RNA -> Niche,Chka,Mgat3,0.7664844386266602
0,RNA -> Niche,Chka,Muc5ac,0.681635239773516
0,RNA -> Niche,Chka,Pclaf,0.5142149286704504
0,RNA -> Niche,Chka,Scgb1a1,0.4249821112627451
0,RNA -> Niche,Chka,Sell,0.44355954024363825
0,RNA -> Niche,Chka,Tagln,0.5033708790875971
0,RNA -> Niche,Chka,Tff1,0.5473381406317389
0,RNA -> Niche,Chka,Thbs3,0.3136835108273722
0,RNA -> Niche,Chka,Xab2,0.4462192367924364
0,RNA -> Niche,Col15a1,Bcl2l12,0.5627746386878807
0,RNA -> Niche,Col15a1,Calml4,0.4005680409184673
0,RNA -> Niche,Col15a1,Ccl17,0.7265145358409018
0,RNA -> Niche,Col15a1,Col15a1,0.8011872241142166
0,RNA -> Niche,Col15a1,Gm42418,0.7082733646327938
0,RNA -> Niche,Col15a1,Hmox1,0.7104709198549948
0,RNA -> Niche,Col15a1,Ifi27l2b,0.2538518696698824
0,RNA -> Niche,Col15a1,Ifit2,0.5097278310537252
0,RNA -> Niche,Col15a1,Ighg1,0.7720614653745845
0,RNA -> Niche,Col15a1,Igkc,0.8652515559159402
0,RNA -> Niche,Col15a1,Iglc3,0.5953518231658717
0,RNA -> Niche,Col15a1,Mgat3,0.4753905819262955
0,RNA -> Niche,Col15a1,Muc5ac,0.6912430309106886
0,RNA -> Niche,Col15a1,Pclaf,0.7150976424741093
0,RNA -> Niche,Col15a1,Scgb1a1,0.7173177110619346
0,RNA -> Niche,Col15a1,Sell,0.534418071068464
0,RNA -> Niche,Col15a1,Tagln,0.928656384087618
0,RNA -> Niche,Col15a1,Tff1,0.6237938787747449
0,RNA -> Niche,Col15a1,Thbs3,0.6427548238183591
0,RNA -> Niche,Col15a1,Xab2,0.417230229127003
0,RNA -> Niche,Fmn1,Bcl2l12,0.5068723644158583
0,RNA -> Niche,Fmn1,Calml4,0.6143033925574116
0,RNA -> Niche,Fmn1,Ccl17,0.7701047834093206
0,RNA -> Niche,Fmn1,Col15a1,0.5391348566638611
0,RNA -> Niche,Fmn1,Gm42418,0.7587289164766226
0,RNA -> Niche,Fmn1,Hmox1,0.754950949338054
0,RNA -> Niche,Fmn1,Ifi27l2b,0.4899124852345601
0,RNA -> Niche,Fmn1,Ifit2,0.6465035512044122
0,RNA -> Niche,Fmn1,Ighg1,0.9033372492681021
0,RNA -> Niche,Fmn1,Igkc,0.8280182227217384
0,RNA -> Niche,Fmn1,Iglc3,0.8005650393897465
0,RNA -> Niche,Fmn1,Mgat3,0.7228359020272703
0,RNA -> Niche,Fmn1,Muc5ac,0.6512093189298991
0,RNA -> Niche,Fmn1,Pclaf,0.5703557753534273
0,RNA -> Niche,Fmn1,Scgb1a1,0.6433578221508074
0,RNA -> Niche,Fmn1,Sell,0.6782174315495864
0,RNA -> Niche,Fmn1,Tagln,0.7026990113040601
0,RNA -> Niche,Fmn1,Tff1,0.9408512716955625
0,RNA -> Niche,Fmn1,Thbs3,0.7517652387233748
0,RNA -> Niche,Fmn1,Xab2,0.5388005776598657
0,RNA -> Niche,Garem1,Bcl2l12,0.6018721570070876
0,RNA -> Niche,Garem1,Calml4,0.6610065553544194
0,RNA -> Niche,Garem1,Ccl17,0.8517230636771084
0,RNA -> Niche,Garem1,Col15a1,0.7246341751424253
0,RNA -> Niche,Garem1,Gm42418,0.7535541839407646
0,RNA -> Niche,Garem1,Hmox1,0.969062202723972
0,RNA -> Niche,Garem1,Ifi27l2b,0.41170625202779876
0,RNA -> Niche,Garem1,Ifit2,0.7498241836367541
0,RNA -> Niche,Garem1,Ighg1,0.9145477986447502
0,RNA -> Niche,Garem1,Igkc,0.9791778278821042
0,RNA -> Niche,Garem1,Iglc3,0.7964471075294881
0,RNA -> Niche,Garem1,Mgat3,0.6841773982287155
0,RNA -> Niche,Garem1,Muc5ac,0.5463408069426667
0,RNA -> Niche,Garem1,Pclaf,0.6188706911286708
0,RNA -> Niche,Garem1,Scgb1a1,0.6565413941319308
0,RNA -> Niche,Garem1,Sell,0.7740511021279044
0,RNA -> Niche,Garem1,Tagln,0.9868115002198246
0,RNA -> Niche,Garem1,Tff1,0.8275682928987753
0,RNA -> Niche,Garem1,Thbs3,1.0
0,RNA -> Niche,Garem1,Xab2,0.5430801116062334
0,RNA -> Niche,Hist2h3c2,Bcl2l12,0.27165884610082336
0,RNA -> Niche,Hist2h3c2,Calml4,0.5535391720291875
0,RNA -> Niche,Hist2h3c2,Ccl17,0.8984426761227347
0,RNA -> Niche,Hist2h3c2,Col15a1,0.3366398250532754
0,RNA -> Niche,Hist2h3c2,Gm42418,0.30642092964239065
0,RNA -> Niche,Hist2h3c2,Hmox1,0.5048600450715527
0,RNA -> Niche,Hist2h3c2,Ifi27l2b,0.2635259466388771
0,RNA -> Niche,Hist2h3c2,Ifit2,0.8336647898150572
0,RNA -> Niche,Hist2h3c2,Ighg1,0.8845334219714613
0,RNA -> Niche,Hist2h3c2,Igkc,0.5570812437014567
0,RNA -> Niche,Hist2h3c2,Iglc3,0.691497575203924
0,RNA -> Niche,Hist2h3c2,Mgat3,0.6088085792094526
0,RNA -> Niche,Hist2h3c2,Muc5ac,0.38035528386638884
0,RNA -> Niche,Hist2h3c2,Pclaf,0.37980940994227114
0,RNA -> Niche,Hist2h3c2,Scgb1a1,0.7940205314498471
0,RNA -> Niche,Hist2h3c2,Sell,0.8913525553915923
0,RNA -> Niche,Hist2h3c2,Tagln,0.7874670377761068
0,RNA -> Niche,Hist2h3c2,Tff1,0.4506358717822626
0,RNA -> Niche,Hist2h3c2,Thbs3,0.8272100747767148
0,RNA -> Niche,Hist2h3c2,Xab2,0.3886271165993219
0,RNA -> Niche,Hmga2,Bcl2l12,0.5320151696942241
0,RNA -> Niche,Hmga2,Calml4,0.4819612551645524
0,RNA -> Niche,Hmga2,Ccl17,0.5830246180448749
0,RNA -> Niche,Hmga2,Col15a1,0.28039224339034075
0,RNA -> Niche,Hmga2,Gm42418,0.713733958678017
0,RNA -> Niche,Hmga2,Hmox1,0.42095215697857563
0,RNA -> Niche,Hmga2,Ifi27l2b,0.2198560922238149
0,RNA -> Niche,Hmga2,Ifit2,0.31499052519485116
0,RNA -> Niche,Hmga2,Ighg1,0.4316646045182445
0,RNA -> Niche,Hmga2,Igkc,0.5065463429735052
0,RNA -> Niche,Hmga2,Iglc3,0.2566028055318503
0,RNA -> Niche,Hmga2,Mgat3,0.607609689456108
0,RNA -> Niche,Hmga2,Muc5ac,0.6063036251070791
0,RNA -> Niche,Hmga2,Pclaf,0.40558582500507473
0,RNA -> Niche,Hmga2,Scgb1a1,0.3039316919909733
0,RNA -> Niche,Hmga2,Sell,0.4358199676405338
0,RNA -> Niche,Hmga2,Tagln,0.5965807273868797
0,RNA -> Niche,Hmga2,Tff1,0.4912783373653954
0,RNA -> Niche,Hmga2,Thbs3,0.2246032558274338
0,RNA -> Niche,Hmga2,Xab2,0.3165275513087649
0,RNA -> Niche,Ifi213,Bcl2l12,0.4211327596074934
0,RNA -> Niche,Ifi213,Calml4,0.8843126944754838
0,RNA -> Niche,Ifi213,Ccl17,0.8871274671454885
0,RNA -> Niche,Ifi213,Col15a1,0.3731903574330318
0,RNA -> Niche,Ifi213,Gm42418,0.5653167647429219
0,RNA -> Niche,Ifi213,Hmox1,0.6241860231809235
0,RNA -> Niche,Ifi213,Ifi27l2b,0.672730242322937
0,RNA -> Niche,Ifi213,Ifit2,0.7158164966323112
0,RNA -> Niche,Ifi213,Ighg1,0.8194174572309003
0,RNA -> Niche,Ifi213,Igkc,0.6505824434984349
0,RNA -> Niche,Ifi213,Iglc3,0.7073496390582985
0,RNA -> Niche,Ifi213,Mgat3,0.8958056375123898
0,RNA -> Niche,Ifi213,Muc5ac,0.4901022828567987
0,RNA -> Niche,Ifi213,Pclaf,0.4652564222564574
0,RNA -> Niche,Ifi213,Scgb1a1,0.7428171671723138
0,RNA -> Niche,Ifi213,Sell,1.0
0,RNA -> Niche,Ifi213,Tagln,0.7861611468423596
0,RNA -> Niche,Ifi213,Tff1,0.46246577300938213
0,RNA -> Niche,Ifi213,Thbs3,0.5281224600354901
0,RNA -> Niche,Ifi213,Xab2,0.7374924211279436
0,RNA -> Niche,Igha,Bcl2l12,0.3224960543876942
0,RNA -> Niche,Igha,Calml4,0.3148519659518072
0,RNA -> Niche,Igha,Ccl17,0.4598182149278169
0,RNA -> Niche,Igha,Col15a1,0.537353155094106
0,RNA -> Niche,Igha,Gm42418,0.5101261231449974
0,RNA -> Niche,Igha,Hmox1,0.5219542344843379
0,RNA -> Niche,Igha,Ifi27l2b,0.2967289130142053
0,RNA -> Niche,Igha,Ifit2,0.451186598112249
0,RNA -> Niche,Igha,Ighg1,0.7305566390716911
0,RNA -> Niche,Igha,Igkc,0.9320739106226007
0,RNA -> Niche,Igha,Iglc3,0.8031918262532575
0,RNA -> Niche,Igha,Mgat3,0.30386239451901936
0,RNA -> Niche,Igha,Muc5ac,0.3413936524313665
0,RNA -> Niche,Igha,Pclaf,0.30310665971782585
0,RNA -> Niche,Igha,Scgb1a1,0.43735857190456023
0,RNA -> Niche,Igha,Sell,0.4154283823205534
0,RNA -> Niche,Igha,Tagln,0.5949952825625888
0,RNA -> Niche,Igha,Tff1,0.25946361776499227
0,RNA -> Niche,Igha,Thbs3,0.4906952545839658
0,RNA -> Niche,Igha,Xab2,0.3278768592579118
0,RNA -> Niche,Ighg1,Bcl2l12,0.27772292919611197
0,RNA -> Niche,Ighg1,Calml4,0.4398193411739322
0,RNA -> Niche,Ighg1,Ccl17,0.29276580916590883
0,RNA -> Niche,Ighg1,Col15a1,0.2762161051242938
0,RNA -> Niche,Ighg1,Gm42418,0.21283925167649823
0,RNA -> Niche,Ighg1,Hmox1,0.20399464319196176
0,RNA -> Niche,Ighg1,Ifi27l2b,0.3139416052461452
0,RNA -> Niche,Ighg1,Ifit2,0.2928210340164454
0,RNA -> Niche,Ighg1,Ighg1,0.36526478058784506
0,RNA -> Niche,Ighg1,Igkc,0.46572483941558057
0,RNA -> Niche,Ighg1,Iglc3,0.3754613727688532
0,RNA -> Niche,Ighg1,Mgat3,0.311203667550191
0,RNA -> Niche,Ighg1,Muc5ac,0.3727534987290742
0,RNA -> Niche,Ighg1,Pclaf,0.3633916826559056
0,RNA -> Niche,Ighg1,Scgb1a1,0.2615160693571614
0,RNA -> Niche,Ighg1,Sell,0.3056233935750614
0,RNA -> Niche,Ighg1,Tagln,0.3002672065697949
0,RNA -> Niche,Ighg1,Tff1,0.895719964666929
0,RNA -> Niche,Ighg1,Thbs3,0.40884486769446177
0,RNA -> Niche,Ighg1,Xab2,0.20792870332998353
0,RNA -> Niche,Igkc,Bcl2l12,0.3665140198661384
0,RNA -> Niche,Igkc,Calml4,0.6336359745417498
0,RNA -> Niche,Igkc,Ccl17,0.6971854381457137
0,RNA -> Niche,Igkc,Col15a1,0.5130101854805189
0,RNA -> Niche,Igkc,Gm42418,0.6078700138868169
0,RNA -> Niche,Igkc,Hmox1,0.5974934178035444
0,RNA -> Niche,Igkc,Ifi27l2b,0.3572626015240627
0,RNA -> Niche,Igkc,Ifit2,0.5872721389595627
0,RNA -> Niche,Igkc,Ighg1,0.9196732984603414
0,RNA -> Niche,Igkc,Igkc,1.0
0,RNA -> Niche,Igkc,Iglc3,0.8012056553579471
0,RNA -> Niche,Igkc,Mgat3,0.5258170687311278
0,RNA -> Niche,Igkc,Muc5ac,0.40840532064480073
0,RNA -> Niche,Igkc,Pclaf,0.3040767271356163
0,RNA -> Niche,Igkc,Scgb1a1,0.5219461883674273
0,RNA -> Niche,Igkc,Sell,0.6342434831064324
0,RNA -> Niche,Igkc,Tagln,0.8450568409749116
0,RNA -> Niche,Igkc,Tff1,0.38443844857511345
0,RNA -> Niche,Igkc,Thbs3,0.5009497745969461
0,RNA -> Niche,Igkc,Xab2,0.3460856726208247
0,RNA -> Niche,Iglc3,Bcl2l12,0.22859470668804283
0,RNA -> Niche,Iglc3,Calml4,0.24582747188418944
0,RNA -> Niche,Iglc3,Ccl17,0.36808584753922235
0,RNA -> Niche,Iglc3,Col15a1,0.30651147175987903
0,RNA -> Niche,Iglc3,Gm42418,0.31173416723193353
0,RNA -> Niche,Iglc3,Hmox1,0.4461532331591256
0,RNA -> Niche,Iglc3,Ifi27l2b,0.18744783130131232
0,RNA -> Niche,Iglc3,Ifit2,0.46295650838953983
0,RNA -> Niche,Iglc3,Ighg1,0.6128231479410146
0,RNA -> Niche,Iglc3,Igkc,0.9230794713772341
0,RNA -> Niche,Iglc3,Iglc3,0.7749138844484695
0,RNA -> Niche,Iglc3,Mgat3,0.31572734319820955
0,RNA -> Niche,Iglc3,Muc5ac,0.14516799858133442
0,RNA -> Niche,Iglc3,Pclaf,0.2029028405402067
0,RNA -> Niche,Iglc3,Scgb1a1,0.31397261057922426
0,RNA -> Niche,Iglc3,Sell,0.31943834439465035
0,RNA -> Niche,Iglc3,Tagln,0.38759973865481834
0,RNA -> Niche,Iglc3,Tff1,0.1315486185354424
0,RNA -> Niche,Iglc3,Thbs3,0.3923519724247007
0,RNA -> Niche,Iglc3,Xab2,0.2501058561387989
0,RNA -> Niche,Muc5ac,Bcl2l12,0.6608527362739696
0,RNA -> Niche,Muc5ac,Calml4,0.8968731593198347
0,RNA -> Niche,Muc5ac,Ccl17,0.8138526549533753
0,RNA -> Niche,Muc5ac,Col15a1,0.34976120248150555
0,RNA -> Niche,Muc5ac,Gm42418,0.7902992242869423
0,RNA -> Niche,Muc5ac,Hmox1,0.5969824899243684
0,RNA -> Niche,Muc5ac,Ifi27l2b,0.4362631830506455
0,RNA -> Niche,Muc5ac,Ifit2,0.554286125418116
0,RNA -> Niche,Muc5ac,Ighg1,0.5494797007067842
0,RNA -> Niche,Muc5ac,Igkc,0.6033951260597025
0,RNA -> Niche,Muc5ac,Iglc3,0.40110721263407967
0,RNA -> Niche,Muc5ac,Mgat3,0.99444057765159
0,RNA -> Niche,Muc5ac,Muc5ac,0.8955960413518381
0,RNA -> Niche,Muc5ac,Pclaf,0.39160650228327487
0,RNA -> Niche,Muc5ac,Scgb1a1,0.5066978484985952
0,RNA -> Niche,Muc5ac,Sell,0.6677671866225708
0,RNA -> Niche,Muc5ac,Tagln,0.7104704956693391
0,RNA -> Niche,Muc5ac,Tff1,0.7415353749800871
0,RNA -> Niche,Muc5ac,Thbs3,0.36699869683399816
0,RNA -> Niche,Muc5ac,Xab2,0.4212084984257521
0,RNA -> Niche,Mzb1,Bcl2l12,0.29642265998697287
0,RNA -> Niche,Mzb1,Calml4,0.592434764133146
0,RNA -> Niche,Mzb1,Ccl17,0.5373152784869767
0,RNA -> Niche,Mzb1,Col15a1,0.295286059346763
0,RNA -> Niche,Mzb1,Gm42418,0.5563526442192649
0,RNA -> Niche,Mzb1,Hmox1,0.22251103180571716
0,RNA -> Niche,Mzb1,Ifi27l2b,0.22507911556022947
0,RNA -> Niche,Mzb1,Ifit2,0.37313686941200813
0,RNA -> Niche,Mzb1,Ighg1,0.41594143541921813
0,RNA -> Niche,Mzb1,Igkc,0.4092278197235971
0,RNA -> Niche,Mzb1,Iglc3,0.5601718588742418
0,RNA -> Niche,Mzb1,Mgat3,0.4814902174003346
0,RNA -> Niche,Mzb1,Muc5ac,0.5177648818547734
0,RNA -> Niche,Mzb1,Pclaf,0.4331768564376917
0,RNA -> Niche,Mzb1,Scgb1a1,0.5201119246555124
0,RNA -> Niche,Mzb1,Sell,0.4140844841848967
0,RNA -> Niche,Mzb1,Tagln,0.4459347086031504
0,RNA -> Niche,Mzb1,Tff1,0.9999999999999999
0,RNA -> Niche,Mzb1,Thbs3,0.30721195943520013
0,RNA -> Niche,Mzb1,Xab2,0.21453966290791338
0,RNA -> Niche,Prex2,Bcl2l12,0.02975313466130424
0,RNA -> Niche,Prex2,Calml4,0.18465445663238472
0,RNA -> Niche,Prex2,Ccl17,0.2240521725400474
0,RNA -> Niche,Prex2,Col15a1,0.11587575099172354
0,RNA -> Niche,Prex2,Gm42418,0.03874405053652648
0,RNA -> Niche,Prex2,Hmox1,0.07068555328977504
0,RNA -> Niche,Prex2,Ifi27l2b,0.13728624142445284
0,RNA -> Niche,Prex2,Ifit2,0.09227436593951024
0,RNA -> Niche,Prex2,Ighg1,0.14055095700900955
0,RNA -> Niche,Prex2,Igkc,0.18091108602923092
0,RNA -> Niche,Prex2,Iglc3,0.0765431377302954
0,RNA -> Niche,Prex2,Mgat3,0.10420802200766557
0,RNA -> Niche,Prex2,Muc5ac,0.14141974499922375
0,RNA -> Niche,Prex2,Pclaf,0.09364695676087546
0,RNA -> Niche,Prex2,Scgb1a1,0.11561106927247862
0,RNA -> Niche,Prex2,Sell,0.2149920305152487
0,RNA -> Niche,Prex2,Tagln,0.26385690664475003
0,RNA -> Niche,Prex2,Tff1,0.37339289079987076
0,RNA -> Niche,Prex2,Thbs3,0.05682825515065592
0,RNA -> Niche,Prex2,Xab2,0.08828529879507796
0,RNA -> Niche,Rbbp8,Bcl2l12,0.12466956446751402
0,RNA -> Niche,Rbbp8,Calml4,0.3326356147602343
0,RNA -> Niche,Rbbp8,Ccl17,0.21719556944642865
0,RNA -> Niche,Rbbp8,Col15a1,0.1544573875109834
0,RNA -> Niche,Rbbp8,Gm42418,0.20314207258879893
0,RNA -> Niche,Rbbp8,Hmox1,0.1341295566836678
0,RNA -> Niche,Rbbp8,Ifi27l2b,0.24852828521526055
0,RNA -> Niche,Rbbp8,Ifit2,0.17741272241590939
0,RNA -> Niche,Rbbp8,Ighg1,0.305651888075936
0,RNA -> Niche,Rbbp8,Igkc,0.2930329843367784
0,RNA -> Niche,Rbbp8,Iglc3,0.29808249476809007
0,RNA -> Niche,Rbbp8,Mgat3,0.2203532891942765
0,RNA -> Niche,Rbbp8,Muc5ac,0.17019196252978316
0,RNA -> Niche,Rbbp8,Pclaf,0.16400148447032697
0,RNA -> Niche,Rbbp8,Scgb1a1,0.16043520248609885
0,RNA -> Niche,Rbbp8,Sell,0.19846353053514607
0,RNA -> Niche,Rbbp8,Tagln,0.17335636270829285
0,RNA -> Niche,Rbbp8,Tff1,0.4896182349851754
0,RNA -> Niche,Rbbp8,Thbs3,0.1405050403718018
0,RNA -> Niche,Rbbp8,Xab2,0.16112632872698232
0,RNA -> Niche,Slpi,Bcl2l12,0.26005543087656824
0,RNA -> Niche,Slpi,Calml4,0.38600584065743615
0,RNA -> Niche,Slpi,Ccl17,0.5311276036805617
0,RNA -> Niche,Slpi,Col15a1,0.36537607159125235
0,RNA -> Niche,Slpi,Gm42418,0.3894255524529097
0,RNA -> Niche,Slpi,Hmox1,0.5143327932840311
0,RNA -> Niche,Slpi,Ifi27l2b,0.2648042856392602
0,RNA -> Niche,Slpi,Ifit2,0.5480724568177643
0,RNA -> Niche,Slpi,Ighg1,0.7930143600429015
0,RNA -> Niche,Slpi,Igkc,0.9405041888488066
0,RNA -> Niche,Slpi,Iglc3,0.8802157096685506
0,RNA -> Niche,Slpi,Mgat3,0.4577976127076992
0,RNA -> Niche,Slpi,Muc5ac,0.2742315649658758
0,RNA -> Niche,Slpi,Pclaf,0.24896017683281602
0,RNA -> Niche,Slpi,Scgb1a1,0.38777706917275473
0,RNA -> Niche,Slpi,Sell,0.4826107159084898
0,RNA -> Niche,Slpi,Tagln,0.5201317425541597
0,RNA -> Niche,Slpi,Tff1,0.1483129689497001
0,RNA -> Niche,Slpi,Thbs3,0.5506013691911738
0,RNA -> Niche,Slpi,Xab2,0.31884502718435337
0,RNA -> Niche,Tff2,Bcl2l12,0.09103953428668879
0,RNA -> Niche,Tff2,Calml4,0.5848420728482138
0,RNA -> Niche,Tff2,Ccl17,0.27152639691723623
0,RNA -> Niche,Tff2,Col15a1,0.19139963610612568
0,RNA -> Niche,Tff2,Gm42418,0.11492352367979626
0,RNA -> Niche,Tff2,Hmox1,0.08826722483053119
0,RNA -> Niche,Tff2,Ifi27l2b,0.18854101145950072
0,RNA -> Niche,Tff2,Ifit2,0.201232808778784
0,RNA -> Niche,Tff2,Ighg1,0.21617277833293874
0,RNA -> Niche,Tff2,Igkc,0.10411770983257389
0,RNA -> Niche,Tff2,Iglc3,0.13991184575447016
0,RNA -> Niche,Tff2,Mgat3,0.46334632948145754
0,RNA -> Niche,Tff2,Muc5ac,0.12673465231071263
0,RNA -> Niche,Tff2,Pclaf,0.21145397446046088
0,RNA -> Niche,Tff2,Scgb1a1,0.11443390988307357
0,RNA -> Niche,Tff2,Sell,0.34069053623556084
0,RNA -> Niche,Tff2,Tagln,0.21010500834915294
0,RNA -> Niche,Tff2,Tff1,0.9335832543235217
0,RNA -> Niche,Tff2,Thbs3,0.11507079192955318
0,RNA -> Niche,Tff2,Xab2,0.10234086834355594
1,RNA -> Niche,Ambp,Akr1b7,0.49593119722945816
1,RNA -> Niche,Ambp,Ambp,0.7530876603273046
1,RNA -> Niche,Ambp,Apoa1,1.0
1,RNA -> Niche,Ambp,Clca1,0.5003492732935065
1,RNA -> Niche,Ambp,Degs2,0.2502457659768095
1,RNA -> Niche,Ambp,Dmbt1,0.5489242769940653
1,RNA -> Niche,Ambp,Fgb,0.36757652325024076
1,RNA -> Niche,Ambp,Gpa33,0.6350655527700696
1,RNA -> Niche,Ambp,Gsta1,0.6494805951871306
1,RNA -> Niche,Ambp,Kcne3,0.5682798068742035
1,RNA -> Niche,Ambp,Lypd8,0.4832182132444615
1,RNA -> Niche,Ambp,Oit1,0.4412444321229167
1,RNA -> Niche,Ambp,Phgr1,0.41023865525629194
1,RNA -> Niche,Ambp,Rbp2,0.21912389262353765
1,RNA -> Niche,Ambp,Slc44a4,0.3955872126876908
1,RNA -> Niche,Ambp,Sptssb,0.7394386923627957
1,RNA -> Niche,Ambp,Tff1,0.7841874436683279
1,RNA -> Niche,Ambp,Tff2,0.46133470872286675
1,RNA -> Niche,Ambp,Tff3,0.5524907915284432
1,RNA -> Niche,Ambp,Tmem54,0.37845640316226586
1,RNA -> Niche,Apoa1,Akr1b7,0.283610079008864
1,RNA -> Niche,Apoa1,Ambp,0.46943720099728115
1,RNA -> Niche,Apoa1,Apoa1,0.6289302448991706
1,RNA -> Niche,Apoa1,Clca1,0.9999999999999999
1,RNA -> Niche,Apoa1,Degs2,0.5025332497008941
1,RNA -> Niche,Apoa1,Dmbt1,0.6546734269410148
1,RNA -> Niche,Apoa1,Fgb,0.2549322112063758
1,RNA -> Niche,Apoa1,Gpa33,0.27807732373463345
1,RNA -> Niche,Apoa1,Gsta1,0.7204019610957085
1,RNA -> Niche,Apoa1,Kcne3,0.4259881146288095
1,RNA -> Niche,Apoa1,Lypd8,0.9238450779614412
1,RNA -> Niche,Apoa1,Oit1,0.35522403888382
1,RNA -> Niche,Apoa1,Phgr1,0.5952457871429598
1,RNA -> Niche,Apoa1,Rbp2,0.5149222592774592
1,RNA -> Niche,Apoa1,Slc44a4,0.19027016955565476
1,RNA -> Niche,Apoa1,Sptssb,0.5166618283570302
1,RNA -> Niche,Apoa1,Tff1,0.9216159282348444
1,RNA -> Niche,Apoa1,Tff2,0.7257675052271811
1,RNA -> Niche,Apoa1,Tff3,0.4794264826182444
1,RNA -> Niche,Apoa1,Tmem54,0.11079956564889967
1,RNA -> Niche,Arntl2,Akr1b7,0.01890844102972792
1,RNA -> Niche,Arntl2,Ambp,0.009725184408600145
1,RNA -> Niche,Arntl2,Apoa1,0.023710806414778223
1,RNA -> Niche,Arntl2,Clca1,0.04831323939974188
1,RNA -> Niche,Arntl2,Degs2,0.009405861188487788
1,RNA -> Niche,Arntl2,Dmbt1,0.017363066657999193
1,RNA -> Niche,Arntl2,Fgb,0.0010840592332232422
1,RNA -> Niche,Arntl2,Gpa33,0.01889938147612451
1,RNA -> Niche,Arntl2,Gsta1,0.022901885018734584
1,RNA -> Niche,Arntl2,Kcne3,0.0065909810070129355
1,RNA -> Niche,Arntl2,Lypd8,0.038700769739666484
1,RNA -> Niche,Arntl2,Oit1,0.00163795286448548
1,RNA -> Niche,Arntl2,Phgr1,0.016531591314121664
1,RNA -> Niche,Arntl2,Rbp2,0.003442961958847819
1,RNA -> Niche,Arntl2,Slc44a4,0.003353202108111636
1,RNA -> Niche,Arntl2,Sptssb,0.06211008007650824
1,RNA -> Niche,Arntl2,Tff1,0.017539006751587555
1,RNA -> Niche,Arntl2,Tff2,0.0414274880093316
1,RNA -> Niche,Arntl2,Tff3,0.013007611908939763
1,RNA -> Niche,Arntl2,Tmem54,0.021152815648507683
1,RNA -> Niche,C4bp,Akr1b7,0.6343718700739048
1,RNA -> Niche,C4bp,Ambp,0.681218715455991
1,RNA -> Niche,C4bp,Apoa1,0.8403043946508904
1,RNA -> Niche,C4bp,Clca1,0.7725317656011182
1,RNA -> Niche,C4bp,Degs2,0.6896632439139905
1,RNA -> Niche,C4bp,Dmbt1,1.0
1,RNA -> Niche,C4bp,Fgb,0.5593864221910375
1,RNA -> Niche,C4bp,Gpa33,0.6181616852071141
1,RNA -> Niche,C4bp,Gsta1,0.7423416934259326
1,RNA -> Niche,C4bp,Kcne3,0.8134403599739317
1,RNA -> Niche,C4bp,Lypd8,0.7306583870639427
1,RNA -> Niche,C4bp,Oit1,0.5906711842945
1,RNA -> Niche,C4bp,Phgr1,0.6632132506470637
1,RNA -> Niche,C4bp,Rbp2,0.43087028228337915
1,RNA -> Niche,C4bp,Slc44a4,0.47963294991915917
1,RNA -> Niche,C4bp,Sptssb,0.7075614471209815
1,RNA -> Niche,C4bp,Tff1,0.854928452253328
1,RNA -> Niche,C4bp,Tff2,0.6883839343763922
1,RNA -> Niche,C4bp,Tff3,0.75520469186552
1,RNA -> Niche,C4bp,Tmem54,0.47081122506379264
1,RNA -> Niche,Duoxa2,Akr1b7,0.6747635683159093
1,RNA -> Niche,Duoxa2,Ambp,0.5193667796521281
1,RNA -> Niche,Duoxa2,Apoa1,0.4939038740731186
1,RNA -> Niche,Duoxa2,Clca1,0.7568516966055364
1,RNA -> Niche,Duoxa2,Degs2,0.49852833535240776
1,RNA -> Niche,Duoxa2,Dmbt1,1.0
1,RNA -> Niche,Duoxa2,Fgb,0.3020096648730316
1,RNA -> Niche,Duoxa2,Gpa33,0.31380626863654404
1,RNA -> Niche,Duoxa2,Gsta1,0.5578336088371846
1,RNA -> Niche,Duoxa2,Kcne3,0.6510996671285917
1,RNA -> Niche,Duoxa2,Lypd8,0.7190322330141776
1,RNA -> Niche,Duoxa2,Oit1,0.7649725412472048
1,RNA -> Niche,Duoxa2,Phgr1,0.5150235398132745
1,RNA -> Niche,Duoxa2,Rbp2,0.4203297066837985
1,RNA -> Niche,Duoxa2,Slc44a4,0.4647927751303102
1,RNA -> Niche,Duoxa2,Sptssb,0.3784302206801698
1,RNA -> Niche,Duoxa2,Tff1,0.8181434104578422
1,RNA -> Niche,Duoxa2,Tff2,0.7076370938720391
1,RNA -> Niche,Duoxa2,Tff3,0.7408035880571409
1,RNA -> Niche,Duoxa2,Tmem54,0.27940732435985605
1,RNA -> Niche,Gm3336,Akr1b7,0.8084725356275237
1,RNA -> Niche,Gm3336,Ambp,0.5110071100383304
1,RNA -> Niche,Gm3336,Apoa1,0.6139913671695904
1,RNA -> Niche,Gm3336,Clca1,0.7917704824163672
1,RNA -> Niche,Gm3336,Degs2,0.5366171157565003
1,RNA -> Niche,Gm3336,Dmbt1,1.0
1,RNA -> Niche,Gm3336,Fgb,0.41087922573472624
1,RNA -> Niche,Gm3336,Gpa33,0.3696366093548621
1,RNA -> Niche,Gm3336,Gsta1,0.6463244117756923
1,RNA -> Niche,Gm3336,Kcne3,0.6427570850885055
1,RNA -> Niche,Gm3336,Lypd8,0.8455137807481498
1,RNA -> Niche,Gm3336,Oit1,0.6821109100271122
1,RNA -> Niche,Gm3336,Phgr1,0.5356291279586489
1,RNA -> Niche,Gm3336,Rbp2,0.5584797360255129
1,RNA -> Niche,Gm3336,Slc44a4,0.3884132349519398
1,RNA -> Niche,Gm3336,Sptssb,0.45974802314848906
1,RNA -> Niche,Gm3336,Tff1,0.7638984510827324
1,RNA -> Niche,Gm3336,Tff2,0.7903679564739788
1,RNA -> Niche,Gm3336,Tff3,0.7976396065232
1,RNA -> Niche,Gm3336,Tmem54,0.42530259105259716
1,RNA -> Niche,Kcne3,Akr1b7,0.1852172193233253
1,RNA -> Niche,Kcne3,Ambp,0.1777540486249029
1,RNA -> Niche,Kcne3,Apoa1,0.389573952334201
1,RNA -> Niche,Kcne3,Clca1,0.19369898969690622
1,RNA -> Niche,Kcne3,Degs2,0.11975565462420787
1,RNA -> Niche,Kcne3,Dmbt1,0.1326852691829423
1,RNA -> Niche,Kcne3,Fgb,0.07875101630460069
1,RNA -> Niche,Kcne3,Gpa33,0.16217954243887708
1,RNA -> Niche,Kcne3,Gsta1,0.22707120523087646
1,RNA -> Niche,Kcne3,Kcne3,0.1124775383955102
1,RNA -> Niche,Kcne3,Lypd8,0.3014196458947911
1,RNA -> Niche,Kcne3,Oit1,0.08531242604159235
1,RNA -> Niche,Kcne3,Phgr1,0.2175729385472942
1,RNA -> Niche,Kcne3,Rbp2,0.11377106347955772
1,RNA -> Niche,Kcne3,Slc44a4,0.1360381135958927
1,RNA -> Niche,Kcne3,Sptssb,0.15446196637477871
1,RNA -> Niche,Kcne3,Tff1,0.14690951208933423
1,RNA -> Niche,Kcne3,Tff2,0.45478534712080976
1,RNA -> Niche,Kcne3,Tff3,0.07793549446983611
1,RNA -> Niche,Kcne3,Tmem54,0.2969705002757399
1,RNA -> Niche,Lgals4,Akr1b7,0.2971182304322084
1,RNA -> Niche,Lgals4,Ambp,0.40163489041280354
1,RNA -> Niche,Lgals4,Apoa1,0.5552201238404005
1,RNA -> Niche,Lgals4,Clca1,1.0
1,RNA -> Niche,Lgals4,Degs2,0.55946867498289
1,RNA -> Niche,Lgals4,Dmbt1,0.7219929490884069
1,RNA -> Niche,Lgals4,Fgb,0.3196801792740253
1,RNA -> Niche,Lgals4,Gpa33,0.2665274396867455
1,RNA -> Niche,Lgals4,Gsta1,0.7473207034617093
1,RNA -> Niche,Lgals4,Kcne3,0.4173544789689472
1,RNA -> Niche,Lgals4,Lypd8,0.9001876627960442
1,RNA -> Niche,Lgals4,Oit1,0.307601622662861
1,RNA -> Niche,Lgals4,Phgr1,0.5040999245476104
1,RNA -> Niche,Lgals4,Rbp2,0.5491168339003626
1,RNA -> Niche,Lgals4,Slc44a4,0.22025100329789224
1,RNA -> Niche,Lgals4,Sptssb,0.4267942619751957
1,RNA -> Niche,Lgals4,Tff1,0.9383910114090147
1,RNA -> Niche,Lgals4,Tff2,0.7148101348507231
1,RNA -> Niche,Lgals4,Tff3,0.5036316357153331
1,RNA -> Niche,Lgals4,Tmem54,0.11924435716561506
1,RNA -> Niche,Oit1,Akr1b7,0.6535515710151668
1,RNA -> Niche,Oit1,Ambp,0.7267801673867093
1,RNA -> Niche,Oit1,Apoa1,0.8113640757613029
1,RNA -> Niche,Oit1,Clca1,0.6428905905841821
1,RNA -> Niche,Oit1,Degs2,0.5176111702189709
1,RNA -> Niche,Oit1,Dmbt1,0.878241238746844
1,RNA -> Niche,Oit1,Fgb,0.47030262303478615
1,RNA -> Niche,Oit1,Gpa33,0.6080531691730813
1,RNA -> Niche,Oit1,Gsta1,0.6443536300111964
1,RNA -> Niche,Oit1,Kcne3,0.6853864259498854
1,RNA -> Niche,Oit1,Lypd8,0.6609639595192486
1,RNA -> Niche,Oit1,Oit1,0.7978873806910516
1,RNA -> Niche,Oit1,Phgr1,0.6382498608558007
1,RNA -> Niche,Oit1,Rbp2,0.47458837858340247
1,RNA -> Niche,Oit1,Slc44a4,0.6724193609552034
1,RNA -> Niche,Oit1,Sptssb,0.6408703148518794
1,RNA -> Niche,Oit1,Tff1,0.8440692543700178
1,RNA -> Niche,Oit1,Tff2,0.6339262046202379
1,RNA -> Niche,Oit1,Tff3,0.7791744485588775
1,RNA -> Niche,Oit1,Tmem54,0.3473128686518989
1,RNA -> Niche,Pigr,Akr1b7,0.12331262065117814
1,RNA -> Niche,Pigr,Ambp,0.2927552645556652
1,RNA -> Niche,Pigr,Apoa1,0.2562911754879327
1,RNA -> Niche,Pigr,Clca1,0.25270006637193343
1,RNA -> Niche,Pigr,Degs2,0.07778259078230675
1,RNA -> Niche,Pigr,Dmbt1,0.18476638778744797
1,RNA -> Niche,Pigr,Fgb,0.05377181019327326
1,RNA -> Niche,Pigr,Gpa33,0.31191503807995513
1,RNA -> Niche,Pigr,Gsta1,0.15438304855963902
1,RNA -> Niche,Pigr,Kcne3,0.1489753607503212
1,RNA -> Niche,Pigr,Lypd8,0.2206272345058475
1,RNA -> Niche,Pigr,Oit1,0.10081368273364863
1,RNA -> Niche,Pigr,Phgr1,0.3023203267806074
1,RNA -> Niche,Pigr,Rbp2,0.12055612017040802
1,RNA -> Niche,Pigr,Slc44a4,0.08885372009604695
1,RNA -> Niche,Pigr,Sptssb,0.17727316707045201
1,RNA -> Niche,Pigr,Tff1,0.25674573709483056
1,RNA -> Niche,Pigr,Tff2,0.408270182836345
1,RNA -> Niche,Pigr,Tff3,0.09210821547109273
1,RNA -> Niche,Pigr,Tmem54,0.15436710986100238
1,RNA -> Niche,Sema4g,Akr1b7,0.17477308541816616
1,RNA -> Niche,Sema4g,Ambp,0.3892149658139669
1,RNA -> Niche,Sema4g,Apoa1,0.8167253713454113
1,RNA -> Niche,Sema4g,Clca1,1.0
1,RNA -> Niche,Sema4g,Degs2,0.5038694655320243
1,RNA -> Niche,Sema4g,Dmbt1,0.6608365525524521
1,RNA -> Niche,Sema4g,Fgb,0.32544453180612604
1,RNA -> Niche,Sema4g,Gpa33,0.37098603239551015
1,RNA -> Niche,Sema4g,Gsta1,0.8372219914279432
1,RNA -> Niche,Sema4g,Kcne3,0.47922589989683323
1,RNA -> Niche,Sema4g,Lypd8,0.7139319762251424
1,RNA -> Niche,Sema4g,Oit1,0.259546685967195
1,RNA -> Niche,Sema4g,Phgr1,0.49881826613536184
1,RNA -> Niche,Sema4g,Rbp2,0.611973232788795
1,RNA -> Niche,Sema4g,Slc44a4,0.22568903626294723
1,RNA -> Niche,Sema4g,Sptssb,0.5562048536632624
1,RNA -> Niche,Sema4g,Tff1,0.7140801707491113
1,RNA -> Niche,Sema4g,Tff2,0.5478248490075991
1,RNA -> Niche,Sema4g,Tff3,0.3905155135753973
1,RNA -> Niche,Sema4g,Tmem54,0.14986625843271517
1,RNA -> Niche,Slc44a4,Akr1b7,0.2563024087888012
1,RNA -> Niche,Slc44a4,Ambp,0.4313565769076576
1,RNA -> Niche,Slc44a4,Apoa1,0.3211750577337883
1,RNA -> Niche,Slc44a4,Clca1,0.19309543323978728
1,RNA -> Niche,Slc44a4,Degs2,0.3077995371985411
1,RNA -> Niche,Slc44a4,Dmbt1,0.4823625716600589
1,RNA -> Niche,Slc44a4,Fgb,0.09122727351276196
1,RNA -> Niche,Slc44a4,Gpa33,0.3453981355148872
1,RNA -> Niche,Slc44a4,Gsta1,0.36171474514369584
1,RNA -> Niche,Slc44a4,Kcne3,0.3852858126625619
1,RNA -> Niche,Slc44a4,Lypd8,0.2895053517941692
1,RNA -> Niche,Slc44a4,Oit1,0.1760458777611273
1,RNA -> Niche,Slc44a4,Phgr1,0.26017246743188993
1,RNA -> Niche,Slc44a4,Rbp2,0.11715430285295954
1,RNA -> Niche,Slc44a4,Slc44a4,0.19005591891584475
1,RNA -> Niche,Slc44a4,Sptssb,0.15111492345720556
1,RNA -> Niche,Slc44a4,Tff1,0.26133109576130803
1,RNA -> Niche,Slc44a4,Tff2,0.5238469158220052
1,RNA -> Niche,Slc44a4,Tff3,0.10596329399789256
1,RNA -> Niche,Slc44a4,Tmem54,0.10482795541568458
1,RNA -> Niche,Tff1,Akr1b7,0.2756004771626319
1,RNA -> Niche,Tff1,Ambp,0.4872217061270762
1,RNA -> Niche,Tff1,Apoa1,0.7073830122920888
1,RNA -> Niche,Tff1,Clca1,1.0000000000000002
1,RNA -> Niche,Tff1,Degs2,0.512713709571946
1,RNA -> Niche,Tff1,Dmbt1,0.719666074581873
1,RNA -> Niche,Tff1,Fgb,0.2960538862212787
1,RNA -> Niche,Tff1,Gpa33,0.3183753580593322
1,RNA -> Niche,Tff1,Gsta1,0.772623757137747
1,RNA -> Niche,Tff1,Kcne3,0.4644069439800506
1,RNA -> Niche,Tff1,Lypd8,0.8384721741770532
1,RNA -> Niche,Tff1,Oit1,0.35228287978223005
1,RNA -> Niche,Tff1,Phgr1,0.5892646505242718
1,RNA -> Niche,Tff1,Rbp2,0.554036635494368
1,RNA -> Niche,Tff1,Slc44a4,0.22582971380205602
1,RNA -> Niche,Tff1,Sptssb,0.5542004064823326
1,RNA -> Niche,Tff1,Tff1,0.9011698837275531
1,RNA -> Niche,Tff1,Tff2,0.7009744435692509
1,RNA -> Niche,Tff1,Tff3,0.4936951883728467
1,RNA -> Niche,Tff1,Tmem54,0.10825689431607885
1,RNA -> Niche,Tff2,Akr1b7,0.400588654320715
1,RNA -> Niche,Tff2,Ambp,0.49201505519848826
1,RNA -> Niche,Tff2,Apoa1,0.6507278222727539
1,RNA -> Niche,Tff2,Clca1,1.0
1,RNA -> Niche,Tff2,Degs2,0.6542990861444813
1,RNA -> Niche,Tff2,Dmbt1,0.7573941259185832
1,RNA -> Niche,Tff2,Fgb,0.41248697200129475
1,RNA -> Niche,Tff2,Gpa33,0.3899160280145953
1,RNA -> Niche,Tff2,Gsta1,0.8288063434541942
1,RNA -> Niche,Tff2,Kcne3,0.4646931737865718
1,RNA -> Niche,Tff2,Lypd8,0.8878252515569665
1,RNA -> Niche,Tff2,Oit1,0.3948995437363045
1,RNA -> Niche,Tff2,Phgr1,0.6051990701269967
1,RNA -> Niche,Tff2,Rbp2,0.5845351299022478
1,RNA -> Niche,Tff2,Slc44a4,0.3176515351252823
1,RNA -> Niche,Tff2,Sptssb,0.4964278720252948
1,RNA -> Niche,Tff2,Tff1,0.9335832543235217
1,RNA -> Niche,Tff2,Tff2,0.7379947535991166
1,RNA -> Niche,Tff2,Tff3,0.5404087032767597
1,RNA -> Niche,Tff2,Tmem54,0.13728459060594236
1,RNA -> Niche,Tff3,Akr1b7,0.6123981070257576
1,RNA -> Niche,Tff3,Ambp,0.4482930800380572
1,RNA -> Niche,Tff3,Apoa1,0.5455163083985531
1,RNA -> Niche,Tff3,Clca1,1.0000000000000002
1,RNA -> Niche,Tff3,Degs2,0.6279180391948309
1,RNA -> Niche,Tff3,Dmbt1,0.8172055348460918
1,RNA -> Niche,Tff3,Fgb,0.3654003715906457
1,RNA -> Niche,Tff3,Gpa33,0.26276249588757467
1,RNA -> Niche,Tff3,Gsta1,0.7180807955348342
1,RNA -> Niche,Tff3,Kcne3,0.435684144974883
1,RNA -> Niche,Tff3,Lypd8,0.9879759355315431
1,RNA -> Niche,Tff3,Oit1,0.46468816860904427
1,RNA -> Niche,Tff3,Phgr1,0.5501972213408802
1,RNA -> Niche,Tff3,Rbp2,0.6286227493031662
1,RNA -> Niche,Tff3,Slc44a4,0.2818179932282802
1,RNA -> Niche,Tff3,Sptssb,0.42565500019134117
1,RNA -> Niche,Tff3,Tff1,0.9056835294226004
1,RNA -> Niche,Tff3,Tff2,0.8411452319516548
1,RNA -> Niche,Tff3,Tff3,0.6395032426199757
1,RNA -> Niche,Tff3,Tmem54,0.19155975207903414
1,RNA -> Niche,Timp1,Akr1b7,0.32626692787755185
1,RNA -> Niche,Timp1,Ambp,0.11289993494986432
1,RNA -> Niche,Timp1,Apoa1,0.22109291174550355
1,RNA -> Niche,Timp1,Clca1,0.20258814157462102
1,RNA -> Niche,Timp1,Degs2,0.2138441095083459
1,RNA -> Niche,Timp1,Dmbt1,0.2095551744795755
1,RNA -> Niche,Timp1,Fgb,0.1432390749767428
1,RNA -> Niche,Timp1,Gpa33,0.10138672991082093
1,RNA -> Niche,Timp1,Gsta1,0.1488607091039258
1,RNA -> Niche,Timp1,Kcne3,0.08625091890419953
1,RNA -> Niche,Timp1,Lypd8,0.15718830415046764
1,RNA -> Niche,Timp1,Oit1,0.23135693053229073
1,RNA -> Niche,Timp1,Phgr1,0.17372200330823537
1,RNA -> Niche,Timp1,Rbp2,0.11262359561389174
1,RNA -> Niche,Timp1,Slc44a4,0.21929085550206187
1,RNA -> Niche,Timp1,Sptssb,0.11054435539706856
1,RNA -> Niche,Timp1,Tff1,0.14648706750093135
1,RNA -> Niche,Timp1,Tff2,0.27221972885255347
1,RNA -> Niche,Timp1,Tff3,0.187810809007397
1,RNA -> Niche,Timp1,Tmem54,0.2372983835134176
1,RNA -> Niche,Tmem54,Akr1b7,0.6402321642184505
1,RNA -> Niche,Tmem54,Ambp,0.4978398598732817
1,RNA -> Niche,Tmem54,Apoa1,0.6699601975515843
1,RNA -> Niche,Tmem54,Clca1,0.8652046542733177
1,RNA -> Niche,Tmem54,Degs2,0.6325796871537727
1,RNA -> Niche,Tmem54,Dmbt1,1.0
1,RNA -> Niche,Tmem54,Fgb,0.3657354626406118
1,RNA -> Niche,Tmem54,Gpa33,0.4778744267602184
1,RNA -> Niche,Tmem54,Gsta1,0.6621773465807234
1,RNA -> Niche,Tmem54,Kcne3,0.6878796385883531
1,RNA -> Niche,Tmem54,Lypd8,0.8645023346822226
1,RNA -> Niche,Tmem54,Oit1,0.7006390313775227
1,RNA -> Niche,Tmem54,Phgr1,0.6139462928905246
1,RNA -> Niche,Tmem54,Rbp2,0.6898741975087713
1,RNA -> Niche,Tmem54,Slc44a4,0.5916493930525749
1,RNA -> Niche,Tmem54,Sptssb,0.5721242972565402
1,RNA -> Niche,Tmem54,Tff1,0.8907392025352149
1,RNA -> Niche,Tmem54,Tff2,0.6859865470409272
1,RNA -> Niche,Tmem54,Tff3,0.8477006657383872
1,RNA -> Niche,Tmem54,Tmem54,0.34260607161337714
1,RNA -> Niche,Ttr,Akr1b7,0.3753132432279898
1,RNA -> Niche,Ttr,Ambp,0.5982038574860814
1,RNA -> Niche,Ttr,Apoa1,1.0
1,RNA -> Niche,Ttr,Clca1,0.7598354656733767
1,RNA -> Niche,Ttr,Degs2,0.31778376533820535
1,RNA -> Niche,Ttr,Dmbt1,0.5886149312341294
1,RNA -> Niche,Ttr,Fgb,0.2999421707022825
1,RNA -> Niche,Ttr,Gpa33,0.4830652896980175
1,RNA -> Niche,Ttr,Gsta1,0.6402774375585054
1,RNA -> Niche,Ttr,Kcne3,0.6151102933523436
1,RNA -> Niche,Ttr,Lypd8,0.5622562512161885
1,RNA -> Niche,Ttr,Oit1,0.3182766287478965
1,RNA -> Niche,Ttr,Phgr1,0.49600235529952064
1,RNA -> Niche,Ttr,Rbp2,0.43776456493303945
1,RNA -> Niche,Ttr,Slc44a4,0.2978295210534373
1,RNA -> Niche,Ttr,Sptssb,0.6654643486311124
1,RNA -> Niche,Ttr,Tff1,0.7349137814985778
1,RNA -> Niche,Ttr,Tff2,0.48835249728120755
1,RNA -> Niche,Ttr,Tff3,0.5670512044217325
1,RNA -> Niche,Ttr,Tmem54,0.2319022496620367
1,RNA -> Niche,Vnn1,Akr1b7,0.5692699167057302
1,RNA -> Niche,Vnn1,Ambp,0.74676220745344
1,RNA -> Niche,Vnn1,Apoa1,1.0000000000000002
1,RNA -> Niche,Vnn1,Clca1,0.6872652105146454
1,RNA -> Niche,Vnn1,Degs2,0.44136683099482327
1,RNA -> Niche,Vnn1,Dmbt1,0.8811331671463759
1,RNA -> Niche,Vnn1,Fgb,0.42436260176296864
1,RNA -> Niche,Vnn1,Gpa33,0.5428965019997373
1,RNA -> Niche,Vnn1,Gsta1,0.8040460029817988
1,RNA -> Niche,Vnn1,Kcne3,0.7040697258924852
1,RNA -> Niche,Vnn1,Lypd8,0.6730559930829982
1,RNA -> Niche,Vnn1,Oit1,0.8114481062211685
1,RNA -> Niche,Vnn1,Phgr1,0.6178493909430383
1,RNA -> Niche,Vnn1,Rbp2,0.4635225751544025
1,RNA -> Niche,Vnn1,Slc44a4,0.5853392782138652
1,RNA -> Niche,Vnn1,Sptssb,0.6739626685061735
1,RNA -> Niche,Vnn1,Tff1,0.907263087612031
1,RNA -> Niche,Vnn1,Tff2,0.7269369854278271
1,RNA -> Niche,Vnn1,Tff3,0.8016479769427953
1,RNA -> Niche,Vnn1,Tmem54,0.3072159021258332
1,RNA -> Niche,Vtcn1,Akr1b7,0.5357479478298064
1,RNA -> Niche,Vtcn1,Ambp,0.620878075567921
1,RNA -> Niche,Vtcn1,Apoa1,0.761652493207223
1,RNA -> Niche,Vtcn1,Clca1,0.7960631616649069
1,RNA -> Niche,Vtcn1,Degs2,0.5828766134128843
1,RNA -> Niche,Vtcn1,Dmbt1,0.9999999999999999
1,RNA -> Niche,Vtcn1,Fgb,0.3708246200024072
1,RNA -> Niche,Vtcn1,Gpa33,0.49238077950514836
1,RNA -> Niche,Vtcn1,Gsta1,0.7646604248789164
1,RNA -> Niche,Vtcn1,Kcne3,0.7947164523235437
1,RNA -> Niche,Vtcn1,Lypd8,0.7422961106569251
1,RNA -> Niche,Vtcn1,Oit1,0.6653086951472797
1,RNA -> Niche,Vtcn1,Phgr1,0.6034599207637342
1,RNA -> Niche,Vtcn1,Rbp2,0.4401854554054682
1,RNA -> Niche,Vtcn1,Slc44a4,0.4291505824657937
1,RNA -> Niche,Vtcn1,Sptssb,0.6082029159142169
1,RNA -> Niche,Vtcn1,Tff1,0.9135072764710063
1,RNA -> Niche,Vtcn1,Tff2,0.7463691305217766
1,RNA -> Niche,Vtcn1,Tff3,0.7235416361732454
1,RNA -> Niche,Vtcn1,Tmem54,0.3054324116231554
2,RNA -> Niche,Bdnf,Adgrl3,0.26352379948641597
2,RNA -> Niche,Bdnf,Ambp,0.45551115047973384
2,RNA -> Niche,Bdnf,Cd248,0.5377152437125893
2,RNA -> Niche,Bdnf,Cyp3a13,0.28936277714424796
2,RNA -> Niche,Bdnf,Fibin,0.3211590971202544
2,RNA -> Niche,Bdnf,Gbp2,0.32373506497866655
2,RNA -> Niche,Bdnf,Gpm6a,0.2601232233309746
2,RNA -> Niche,Bdnf,Igfbp3,0.2252634678970288
2,RNA -> Niche,Bdnf,Iglc3,0.5394706580318526
2,RNA -> Niche,Bdnf,Lgals4,0.4267403971215371
2,RNA -> Niche,Bdnf,Lypd8,0.3131234967933468
2,RNA -> Niche,Bdnf,Nkain4,0.69566462603192
2,RNA -> Niche,Bdnf,Phgr1,0.4858036861591794
2,RNA -> Niche,Bdnf,Rbp4,0.494997360642711
2,RNA -> Niche,Bdnf,Rdh10,0.30525065008351754
2,RNA -> Niche,Bdnf,Sell,0.5098918805288507
2,RNA -> Niche,Bdnf,Sptssb,0.2874049785286747
2,RNA -> Niche,Bdnf,Strn3,0.5065820329062247
2,RNA -> Niche,Bdnf,Tff1,0.4353578407899436
2,RNA -> Niche,Bdnf,Ubd,0.7229245456477889
2,RNA -> Niche,Cldn15,Adgrl3,0.10536556939043051
2,RNA -> Niche,Cldn15,Ambp,0.19733628964948144
2,RNA -> Niche,Cldn15,Cd248,0.10248681089779375
2,RNA -> Niche,Cldn15,Cyp3a13,0.10529323662878126
2,RNA -> Niche,Cldn15,Fibin,0.05501242714944419
2,RNA -> Niche,Cldn15,Gbp2,0.27405951951936086
2,RNA -> Niche,Cldn15,Gpm6a,0.08554324808788905
2,RNA -> Niche,Cldn15,Igfbp3,0.11837134313270516
2,RNA -> Niche,Cldn15,Iglc3,0.162066121478112
2,RNA -> Niche,Cldn15,Lgals4,0.28905338607935965
2,RNA -> Niche,Cldn15,Lypd8,0.207288845651486
2,RNA -> Niche,Cldn15,Nkain4,0.15077002071711296
2,RNA -> Niche,Cldn15,Phgr1,0.18133568311154424
2,RNA -> Niche,Cldn15,Rbp4,0.17969366745864632
2,RNA -> Niche,Cldn15,Rdh10,0.09970542128325836
2,RNA -> Niche,Cldn15,Sell,0.12289933306974049
2,RNA -> Niche,Cldn15,Sptssb,0.1336256667953583
2,RNA -> Niche,Cldn15,Strn3,0.1375721811076816
2,RNA -> Niche,Cldn15,Tff1,0.32896601100755807
2,RNA -> Niche,Cldn15,Ubd,0.12639413083437753
2,RNA -> Niche,Cln5,Adgrl3,0.3315882224092059
2,RNA -> Niche,Cln5,Ambp,0.36589181244542585
2,RNA -> Niche,Cln5,Cd248,0.7318247394759508
2,RNA -> Niche,Cln5,Cyp3a13,0.3292194012907362
2,RNA -> Niche,Cln5,Fibin,0.2080945203758121
2,RNA -> Niche,Cln5,Gbp2,0.3295608911797378
2,RNA -> Niche,Cln5,Gpm6a,0.2673270474091296
2,RNA -> Niche,Cln5,Igfbp3,0.19635036438831394
2,RNA -> Niche,Cln5,Iglc3,0.8941751037054522
2,RNA -> Niche,Cln5,Lgals4,0.559438827207939
2,RNA -> Niche,Cln5,Lypd8,0.21890282336238956
2,RNA -> Niche,Cln5,Nkain4,0.5623870884927739
2,RNA -> Niche,Cln5,Phgr1,0.5169440445942824
2,RNA -> Niche,Cln5,Rbp4,0.5272831233175134
2,RNA -> Niche,Cln5,Rdh10,0.3524975157481762
2,RNA -> Niche,Cln5,Sell,0.5852582752188268
2,RNA -> Niche,Cln5,Sptssb,0.39022156398205715
2,RNA -> Niche,Cln5,Strn3,0.473729067137926
2,RNA -> Niche,Cln5,Tff1,0.22936690510224408
2,RNA -> Niche,Cln5,Ubd,0.7021756521610752
2,RNA -> Niche,Fmo2,Adgrl3,0.08597226052444537
2,RNA -> Niche,Fmo2,Ambp,0.30901493406531855
2,RNA -> Niche,Fmo2,Cd248,0.2653651743805769
2,RNA -> Niche,Fmo2,Cyp3a13,0.20908145855713237
2,RNA -> Niche,Fmo2,Fibin,0.14547646622808938
2,RNA -> Niche,Fmo2,Gbp2,0.1701870625952041
2,RNA -> Niche,Fmo2,Gpm6a,0.1595815181310613
2,RNA -> Niche,Fmo2,Igfbp3,0.2183339493904709
2,RNA -> Niche,Fmo2,Iglc3,0.4848262407092261
2,RNA -> Niche,Fmo2,Lgals4,0.1979183496808555
2,RNA -> Niche,Fmo2,Lypd8,0.2719384146947039
2,RNA -> Niche,Fmo2,Nkain4,0.28729950259269676
2,RNA -> Niche,Fmo2,Phgr1,0.25181694683501005
2,RNA -> Niche,Fmo2,Rbp4,0.2369678700801251
2,RNA -> Niche,Fmo2,Rdh10,0.2655298808445645
2,RNA -> Niche,Fmo2,Sell,0.29081008094250155
2,RNA -> Niche,Fmo2,Sptssb,0.315943438712304
2,RNA -> Niche,Fmo2,Strn3,0.2289764539045243
2,RNA -> Niche,Fmo2,Tff1,0.43648302173731907
2,RNA -> Niche,Fmo2,Ubd,0.5213034669581763
2,RNA -> Niche,Gm30648,Adgrl3,0.4271410785610117
2,RNA -> Niche,Gm30648,Ambp,0.39572296669258483
2,RNA -> Niche,Gm30648,Cd248,0.33993154474066256
2,RNA -> Niche,Gm30648,Cyp3a13,0.45704296919318654
2,RNA -> Niche,Gm30648,Fibin,0.1935006367927016
2,RNA -> Niche,Gm30648,Gbp2,0.3217880563175864
2,RNA -> Niche,Gm30648,Gpm6a,0.16164255211634443
2,RNA -> Niche,Gm30648,Igfbp3,0.30854989294316293
2,RNA -> Niche,Gm30648,Iglc3,0.4606352002389946
2,RNA -> Niche,Gm30648,Lgals4,0.5310804059633663
2,RNA -> Niche,Gm30648,Lypd8,0.3650605070619596
2,RNA -> Niche,Gm30648,Nkain4,0.306335617320497
2,RNA -> Niche,Gm30648,Phgr1,0.5052860822587818
2,RNA -> Niche,Gm30648,Rbp4,0.4763683423648395
2,RNA -> Niche,Gm30648,Rdh10,0.3885967801301653
2,RNA -> Niche,Gm30648,Sell,0.660566745671675
2,RNA -> Niche,Gm30648,Sptssb,0.42335142615917004
2,RNA -> Niche,Gm30648,Strn3,0.3806153956355824
2,RNA -> Niche,Gm30648,Tff1,0.42521855919731366
2,RNA -> Niche,Gm30648,Ubd,0.3209920087848087
2,RNA -> Niche,Gm49980,Adgrl3,0.30207072470791857
2,RNA -> Niche,Gm49980,Ambp,0.35935238730395963
2,RNA -> Niche,Gm49980,Cd248,0.465641032173837
2,RNA -> Niche,Gm49980,Cyp3a13,0.28991398239678484
2,RNA -> Niche,Gm49980,Fibin,0.33047778019528296
2,RNA -> Niche,Gm49980,Gbp2,0.3120868432894518
2,RNA -> Niche,Gm49980,Gpm6a,0.4572871616323661
2,RNA -> Niche,Gm49980,Igfbp3,0.1801867334296477
2,RNA -> Niche,Gm49980,Iglc3,0.5854070098755675
2,RNA -> Niche,Gm49980,Lgals4,0.7732990661713769
2,RNA -> Niche,Gm49980,Lypd8,0.4745824865521219
2,RNA -> Niche,Gm49980,Nkain4,0.41525993246793375
2,RNA -> Niche,Gm49980,Phgr1,0.5082044631771196
2,RNA -> Niche,Gm49980,Rbp4,0.2995604718744421
2,RNA -> Niche,Gm49980,Rdh10,0.48251298878649884
2,RNA -> Niche,Gm49980,Sell,0.6551271130760763
2,RNA -> Niche,Gm49980,Sptssb,0.6813218099262198
2,RNA -> Niche,Gm49980,Strn3,0.4680606685006897
2,RNA -> Niche,Gm49980,Tff1,0.47364976314167356
2,RNA -> Niche,Gm49980,Ubd,0.7753653811880409
2,RNA -> Niche,Gpm6a,Adgrl3,0.251314459009286
2,RNA -> Niche,Gpm6a,Ambp,0.3232600272032001
2,RNA -> Niche,Gpm6a,Cd248,0.23370100150638376
2,RNA -> Niche,Gpm6a,Cyp3a13,0.3174719438081358
2,RNA -> Niche,Gpm6a,Fibin,0.27696922148101627
2,RNA -> Niche,Gpm6a,Gbp2,0.30602468757419976
2,RNA -> Niche,Gpm6a,Gpm6a,0.36592204323742744
2,RNA -> Niche,Gpm6a,Igfbp3,0.23115612230031085
2,RNA -> Niche,Gpm6a,Iglc3,0.37321181181553525
2,RNA -> Niche,Gpm6a,Lgals4,0.7585768294108048
2,RNA -> Niche,Gpm6a,Lypd8,1.0
2,RNA -> Niche,Gpm6a,Nkain4,0.45137300619627396
2,RNA -> Niche,Gpm6a,Phgr1,0.35517313222375446
2,RNA -> Niche,Gpm6a,Rbp4,0.2646221753183897
2,RNA -> Niche,Gpm6a,Rdh10,0.27140613251827955
2,RNA -> Niche,Gpm6a,Sell,0.2531325727761449
2,RNA -> Niche,Gpm6a,Sptssb,0.24689502741894317
2,RNA -> Niche,Gpm6a,Strn3,0.22896931943004475
2,RNA -> Niche,Gpm6a,Tff1,0.5197761717730591
2,RNA -> Niche,Gpm6a,Ubd,0.3760535112434886
2,RNA -> Niche,Guca1a,Adgrl3,0.3025047258335175
2,RNA -> Niche,Guca1a,Ambp,0.5451751814221368
2,RNA -> Niche,Guca1a,Cd248,0.18056600448116636
2,RNA -> Niche,Guca1a,Cyp3a13,0.37870774309408745
2,RNA -> Niche,Guca1a,Fibin,0.09177352401980722
2,RNA -> Niche,Guca1a,Gbp2,0.11842003454853345
2,RNA -> Niche,Guca1a,Gpm6a,0.1403429957447095
2,RNA -> Niche,Guca1a,Igfbp3,0.37402786908198554
2,RNA -> Niche,Guca1a,Iglc3,0.20342118648847013
2,RNA -> Niche,Guca1a,Lgals4,0.4463838034393159
2,RNA -> Niche,Guca1a,Lypd8,0.35703084594949824
2,RNA -> Niche,Guca1a,Nkain4,0.4679727674154182
2,RNA -> Niche,Guca1a,Phgr1,0.4133755936337073
2,RNA -> Niche,Guca1a,Rbp4,0.3862835446886693
2,RNA -> Niche,Guca1a,Rdh10,0.2175327184192159
2,RNA -> Niche,Guca1a,Sell,0.274835291932751
2,RNA -> Niche,Guca1a,Sptssb,0.43223322979396434
2,RNA -> Niche,Guca1a,Strn3,0.21261412697379564
2,RNA -> Niche,Guca1a,Tff1,0.4266881474387324
2,RNA -> Niche,Guca1a,Ubd,0.2966278818886127
2,RNA -> Niche,Igtp,Adgrl3,0.4921672154695843
2,RNA -> Niche,Igtp,Ambp,0.6817792794345513
2,RNA -> Niche,Igtp,Cd248,0.6198985701856038
2,RNA -> Niche,Igtp,Cyp3a13,0.41285061193981293
2,RNA -> Niche,Igtp,Fibin,0.4589295779015724
2,RNA -> Niche,Igtp,Gbp2,0.3899432152739154
2,RNA -> Niche,Igtp,Gpm6a,0.5575255082681952
2,RNA -> Niche,Igtp,Igfbp3,0.3620729801100672
2,RNA -> Niche,Igtp,Iglc3,1.0
2,RNA -> Niche,Igtp,Lgals4,0.8847605547825949
2,RNA -> Niche,Igtp,Lypd8,0.5772988396079755
2,RNA -> Niche,Igtp,Nkain4,0.7361740030600832
2,RNA -> Niche,Igtp,Phgr1,0.5770443715987331
2,RNA -> Niche,Igtp,Rbp4,0.6658887075418186
2,RNA -> Niche,Igtp,Rdh10,0.41511374953117053
2,RNA -> Niche,Igtp,Sell,0.6289906437885942
2,RNA -> Niche,Igtp,Sptssb,0.7988256582803939
2,RNA -> Niche,Igtp,Strn3,0.35042572757679036
2,RNA -> Niche,Igtp,Tff1,0.8228069409112245
2,RNA -> Niche,Igtp,Ubd,0.6350014817602617
2,RNA -> Niche,Lrrn4,Adgrl3,0.04939597670621595
2,RNA -> Niche,Lrrn4,Ambp,0.030215474981817595
2,RNA -> Niche,Lrrn4,Cd248,0.11009268572200938
2,RNA -> Niche,Lrrn4,Cyp3a13,0.012015109278825644
2,RNA -> Niche,Lrrn4,Fibin,0.018618257007679623
2,RNA -> Niche,Lrrn4,Gbp2,0.09413011437026046
2,RNA -> Niche,Lrrn4,Gpm6a,0.02728700317573897
2,RNA -> Niche,Lrrn4,Igfbp3,0.03724148501576176
2,RNA -> Niche,Lrrn4,Iglc3,0.25554258722439493
2,RNA -> Niche,Lrrn4,Lgals4,0.1317139646097598
2,RNA -> Niche,Lrrn4,Lypd8,0.03599976370939225
2,RNA -> Niche,Lrrn4,Nkain4,0.05482213089161904
2,RNA -> Niche,Lrrn4,Phgr1,0.0702477057374284
2,RNA -> Niche,Lrrn4,Rbp4,0.0325299813987941
2,RNA -> Niche,Lrrn4,Rdh10,0.06299946316289178
2,RNA -> Niche,Lrrn4,Sell,0.052878790568202515
2,RNA -> Niche,Lrrn4,Sptssb,0.007558180981334572
2,RNA -> Niche,Lrrn4,Strn3,0.07458487408731283
2,RNA -> Niche,Lrrn4,Tff1,0.09940048539846161
2,RNA -> Niche,Lrrn4,Ubd,0.22022132218661375
2,RNA -> Niche,Lypd8,Adgrl3,0.09056913476004792
2,RNA -> Niche,Lypd8,Ambp,0.33397407974961896
2,RNA -> Niche,Lypd8,Cd248,0.15242613699835203
2,RNA -> Niche,Lypd8,Cyp3a13,0.23997854449520645
2,RNA -> Niche,Lypd8,Fibin,0.08190405029309422
2,RNA -> Niche,Lypd8,Gbp2,0.16095375283703933
2,RNA -> Niche,Lypd8,Gpm6a,0.12883195187234484
2,RNA -> Niche,Lypd8,Igfbp3,0.07953228300841224
2,RNA -> Niche,Lypd8,Iglc3,0.16033360583057005
2,RNA -> Niche,Lypd8,Lgals4,0.4683247068442336
2,RNA -> Niche,Lypd8,Lypd8,0.7885954081743126
2,RNA -> Niche,Lypd8,Nkain4,0.11703318997863826
2,RNA -> Niche,Lypd8,Phgr1,0.45999006404804366
2,RNA -> Niche,Lypd8,Rbp4,0.14286518542046606
2,RNA -> Niche,Lypd8,Rdh10,0.18175463937823189
2,RNA -> Niche,Lypd8,Sell,0.26162041091702076
2,RNA -> Niche,Lypd8,Sptssb,0.4530294425786866
2,RNA -> Niche,Lypd8,Strn3,0.27286798549428987
2,RNA -> Niche,Lypd8,Tff1,0.7151439247982355
2,RNA -> Niche,Lypd8,Ubd,0.2181631829453552
2,RNA -> Niche,Mrc2,Adgrl3,0.14102384018710548
2,RNA -> Niche,Mrc2,Ambp,0.19026498963626862
2,RNA -> Niche,Mrc2,Cd248,0.18660574007818123
2,RNA -> Niche,Mrc2,Cyp3a13,0.17031798179384125
2,RNA -> Niche,Mrc2,Fibin,0.07877464640717276
2,RNA -> Niche,Mrc2,Gbp2,0.12638776949227437
2,RNA -> Niche,Mrc2,Gpm6a,0.27890037888675145
2,RNA -> Niche,Mrc2,Igfbp3,0.32792246744918707
2,RNA -> Niche,Mrc2,Iglc3,0.27497777831321524
2,RNA -> Niche,Mrc2,Lgals4,0.2912308210186636
2,RNA -> Niche,Mrc2,Lypd8,0.5365004356771274
2,RNA -> Niche,Mrc2,Nkain4,0.33721751717891274
2,RNA -> Niche,Mrc2,Phgr1,0.23094591641964687
2,RNA -> Niche,Mrc2,Rbp4,0.2923497261562751
2,RNA -> Niche,Mrc2,Rdh10,0.15742491103274406
2,RNA -> Niche,Mrc2,Sell,0.10234180090918837
2,RNA -> Niche,Mrc2,Sptssb,0.28280665949859235
2,RNA -> Niche,Mrc2,Strn3,0.4429635190579091
2,RNA -> Niche,Mrc2,Tff1,0.2998325449736786
2,RNA -> Niche,Mrc2,Ubd,0.22755634052655496
2,RNA -> Niche,Muc13,Adgrl3,0.12392103989546373
2,RNA -> Niche,Muc13,Ambp,0.24042149928536252
2,RNA -> Niche,Muc13,Cd248,0.18698854381423202
2,RNA -> Niche,Muc13,Cyp3a13,0.2848341866683736
2,RNA -> Niche,Muc13,Fibin,0.1360442503477249
2,RNA -> Niche,Muc13,Gbp2,0.24224847079834472
2,RNA -> Niche,Muc13,Gpm6a,0.2124347962532784
2,RNA -> Niche,Muc13,Igfbp3,0.1249999973330762
2,RNA -> Niche,Muc13,Iglc3,0.1347234022076277
2,RNA -> Niche,Muc13,Lgals4,0.5785466917056996
2,RNA -> Niche,Muc13,Lypd8,0.8419997984148417
2,RNA -> Niche,Muc13,Nkain4,0.1658840243570222
2,RNA -> Niche,Muc13,Phgr1,0.47354134762446254
2,RNA -> Niche,Muc13,Rbp4,0.12971314672891474
2,RNA -> Niche,Muc13,Rdh10,0.22112778906573488
2,RNA -> Niche,Muc13,Sell,0.2656678208372206
2,RNA -> Niche,Muc13,Sptssb,0.37551433130811496
2,RNA -> Niche,Muc13,Strn3,0.2989402732193927
2,RNA -> Niche,Muc13,Tff1,0.6629706343797558
2,RNA -> Niche,Muc13,Ubd,0.2899718767445523
2,RNA -> Niche,Ogn,Adgrl3,0.22307139030896173
2,RNA -> Niche,Ogn,Ambp,0.3253757591098637
2,RNA -> Niche,Ogn,Cd248,0.28830536572988835
2,RNA -> Niche,Ogn,Cyp3a13,0.32533279097501533
2,RNA -> Niche,Ogn,Fibin,0.24108782774478266
2,RNA -> Niche,Ogn,Gbp2,0.3690510868028814
2,RNA -> Niche,Ogn,Gpm6a,0.3434659882499818
2,RNA -> Niche,Ogn,Igfbp3,0.32072056260315807
2,RNA -> Niche,Ogn,Iglc3,0.29508392695616187
2,RNA -> Niche,Ogn,Lgals4,0.7278163285996074
2,RNA -> Niche,Ogn,Lypd8,1.0
2,RNA -> Niche,Ogn,Nkain4,0.4208713908747232
2,RNA -> Niche,Ogn,Phgr1,0.38314652240641883
2,RNA -> Niche,Ogn,Rbp4,0.28815177299357214
2,RNA -> Niche,Ogn,Rdh10,0.296808341272546
2,RNA -> Niche,Ogn,Sell,0.2676068392657129
2,RNA -> Niche,Ogn,Sptssb,0.29548897419221165
2,RNA -> Niche,Ogn,Strn3,0.2624192984743297
2,RNA -> Niche,Ogn,Tff1,0.5927625741107946
2,RNA -> Niche,Ogn,Ubd,0.37836619894371776
2,RNA -> Niche,Pgm5,Adgrl3,0.3490702755392561
2,RNA -> Niche,Pgm5,Ambp,0.46782124693129934
2,RNA -> Niche,Pgm5,Cd248,0.3455770825993717
2,RNA -> Niche,Pgm5,Cyp3a13,0.6039172187152789
2,RNA -> Niche,Pgm5,Fibin,0.3247128209390542
2,RNA -> Niche,Pgm5,Gbp2,0.3085729655511035
2,RNA -> Niche,Pgm5,Gpm6a,0.2689470753358955
2,RNA -> Niche,Pgm5,Igfbp3,0.20856055870783902
2,RNA -> Niche,Pgm5,Iglc3,0.48066027735761063
2,RNA -> Niche,Pgm5,Lgals4,0.6621056103493377
2,RNA -> Niche,Pgm5,Lypd8,0.6026857845003682
2,RNA -> Niche,Pgm5,Nkain4,0.41347257266005916
2,RNA -> Niche,Pgm5,Phgr1,0.8875056905003171
2,RNA -> Niche,Pgm5,Rbp4,0.4470183388391196
2,RNA -> Niche,Pgm5,Rdh10,0.3407615016627996
2,RNA -> Niche,Pgm5,Sell,0.7563704730099456
2,RNA -> Niche,Pgm5,Sptssb,0.852634632185753
2,RNA -> Niche,Pgm5,Strn3,0.47910731295227416
2,RNA -> Niche,Pgm5,Tff1,0.6223993639921175
2,RNA -> Niche,Pgm5,Ubd,0.3529127445361491
2,RNA -> Niche,Ripk4,Adgrl3,0.28353950907914244
2,RNA -> Niche,Ripk4,Ambp,0.3487686227774986
2,RNA -> Niche,Ripk4,Cd248,0.3765482599046026
2,RNA -> Niche,Ripk4,Cyp3a13,0.362746876893444
2,RNA -> Niche,Ripk4,Fibin,0.21666198903943967
2,RNA -> Niche,Ripk4,Gbp2,0.22319719980975414
2,RNA -> Niche,Ripk4,Gpm6a,0.30936427155443263
2,RNA -> Niche,Ripk4,Igfbp3,0.39625300724355444
2,RNA -> Niche,Ripk4,Iglc3,0.46673363249873595
2,RNA -> Niche,Ripk4,Lgals4,0.542557962389684
2,RNA -> Niche,Ripk4,Lypd8,0.501270805832414
2,RNA -> Niche,Ripk4,Nkain4,0.4739671089101395
2,RNA -> Niche,Ripk4,Phgr1,0.42701457944234533
2,RNA -> Niche,Ripk4,Rbp4,0.43815545057962463
2,RNA -> Niche,Ripk4,Rdh10,0.2469126198644676
2,RNA -> Niche,Ripk4,Sell,0.34759707777589793
2,RNA -> Niche,Ripk4,Sptssb,0.2957305870211759
2,RNA -> Niche,Ripk4,Strn3,0.369868224513386
2,RNA -> Niche,Ripk4,Tff1,0.48626527331276836
2,RNA -> Niche,Ripk4,Ubd,0.40629129096053573
2,RNA -> Niche,S1pr5,Adgrl3,0.1997510199235036
2,RNA -> Niche,S1pr5,Ambp,0.49827509640135953
2,RNA -> Niche,S1pr5,Cd248,0.49277343844451216
2,RNA -> Niche,S1pr5,Cyp3a13,0.4128677214597012
2,RNA -> Niche,S1pr5,Fibin,0.2719450663775991
2,RNA -> Niche,S1pr5,Gbp2,0.26966765732604353
2,RNA -> Niche,S1pr5,Gpm6a,0.3177536605755202
2,RNA -> Niche,S1pr5,Igfbp3,0.21017531056962954
2,RNA -> Niche,S1pr5,Iglc3,0.6027489467650852
2,RNA -> Niche,S1pr5,Lgals4,0.41403367974954186
2,RNA -> Niche,S1pr5,Lypd8,0.5523305196531216
2,RNA -> Niche,S1pr5,Nkain4,0.4707843500192114
2,RNA -> Niche,S1pr5,Phgr1,0.6449514833594819
2,RNA -> Niche,S1pr5,Rbp4,0.35846344140114145
2,RNA -> Niche,S1pr5,Rdh10,0.48767705431449654
2,RNA -> Niche,S1pr5,Sell,0.5718746218050539
2,RNA -> Niche,S1pr5,Sptssb,0.6641464726754296
2,RNA -> Niche,S1pr5,Strn3,0.39506386353353706
2,RNA -> Niche,S1pr5,Tff1,0.7533954502777352
2,RNA -> Niche,S1pr5,Ubd,0.5694750180716615
2,RNA -> Niche,Tgfbi,Adgrl3,0.17190652145734014
2,RNA -> Niche,Tgfbi,Ambp,0.5757832005781354
2,RNA -> Niche,Tgfbi,Cd248,0.36966411032700186
2,RNA -> Niche,Tgfbi,Cyp3a13,0.4648703139634778
2,RNA -> Niche,Tgfbi,Fibin,0.17382890065536993
2,RNA -> Niche,Tgfbi,Gbp2,0.193706562214755
2,RNA -> Niche,Tgfbi,Gpm6a,0.19988716489873903
2,RNA -> Niche,Tgfbi,Igfbp3,0.14625404039994913
2,RNA -> Niche,Tgfbi,Iglc3,0.3723487874209273
2,RNA -> Niche,Tgfbi,Lgals4,0.31183610046139365
2,RNA -> Niche,Tgfbi,Lypd8,0.3349491686099486
2,RNA -> Niche,Tgfbi,Nkain4,0.408324896220897
2,RNA -> Niche,Tgfbi,Phgr1,0.4134317113038411
2,RNA -> Niche,Tgfbi,Rbp4,0.2535691816954549
2,RNA -> Niche,Tgfbi,Rdh10,0.2354373339208849
2,RNA -> Niche,Tgfbi,Sell,0.40527895376449513
2,RNA -> Niche,Tgfbi,Sptssb,0.3647505620885938
2,RNA -> Niche,Tgfbi,Strn3,0.36943560220827876
2,RNA -> Niche,Tgfbi,Tff1,0.7657741285757418
2,RNA -> Niche,Tgfbi,Ubd,0.2645078636963905
2,RNA -> Niche,Tmem59l,Adgrl3,0.33327534560405125
2,RNA -> Niche,Tmem59l,Ambp,0.6779293106227143
2,RNA -> Niche,Tmem59l,Cd248,0.5969963803508207
2,RNA -> Niche,Tmem59l,Cyp3a13,0.39384975240177783
2,RNA -> Niche,Tmem59l,Fibin,0.3116917654729609
2,RNA -> Niche,Tmem59l,Gbp2,0.4192945410944703
2,RNA -> Niche,Tmem59l,Gpm6a,0.5109345222945773
2,RNA -> Niche,Tmem59l,Igfbp3,0.32335380984604706
2,RNA -> Niche,Tmem59l,Iglc3,0.6911503385380714
2,RNA -> Niche,Tmem59l,Lgals4,0.7855437300064999
2,RNA -> Niche,Tmem59l,Lypd8,0.5370476292336431
2,RNA -> Niche,Tmem59l,Nkain4,0.690865553460739
2,RNA -> Niche,Tmem59l,Phgr1,0.6296487910558423
2,RNA -> Niche,Tmem59l,Rbp4,0.5002543839106648
2,RNA -> Niche,Tmem59l,Rdh10,0.5111284266170889
2,RNA -> Niche,Tmem59l,Sell,0.8255494723645509
2,RNA -> Niche,Tmem59l,Sptssb,0.5205631728337996
2,RNA -> Niche,Tmem59l,Strn3,0.5620175756094682
2,RNA -> Niche,Tmem59l,Tff1,0.7941764721545076
2,RNA -> Niche,Tmem59l,Ubd,0.7259746292272623
2,RNA -> Niche,Top2a,Adgrl3,0.4414750659610567
2,RNA -> Niche,Top2a,Ambp,0.8412354001358382
2,RNA -> Niche,Top2a,Cd248,0.7746972562707453
2,RNA -> Niche,Top2a,Cyp3a13,0.4772712596683136
2,RNA -> Niche,Top2a,Fibin,0.4290194152307518
2,RNA -> Niche,Top2a,Gbp2,0.4484034836581321
2,RNA -> Niche,Top2a,Gpm6a,0.5108006707721646
2,RNA -> Niche,Top2a,Igfbp3,0.49623396459076724
2,RNA -> Niche,Top2a,Iglc3,0.6874918002310509
2,RNA -> Niche,Top2a,Lgals4,0.9999999999999999
2,RNA -> Niche,Top2a,Lypd8,0.7865908988229817
2,RNA -> Niche,Top2a,Nkain4,0.7944846103246869
2,RNA -> Niche,Top2a,Phgr1,0.7726321500506435
2,RNA -> Niche,Top2a,Rbp4,0.846321839438579
2,RNA -> Niche,Top2a,Rdh10,0.4654506254022031
2,RNA -> Niche,Top2a,Sell,0.7354198645943351
2,RNA -> Niche,Top2a,Sptssb,0.7474837253291032
2,RNA -> Niche,Top2a,Strn3,0.4394297221810124
2,RNA -> Niche,Top2a,Tff1,0.9919202107232229
2,RNA -> Niche,Top2a,Ubd,0.6269234522779059
3,RNA -> Niche,Atp1a2,Ace2,0.3355118382898828
3,RNA -> Niche,Atp1a2,Calml4,0.29876523246642883
3,RNA -> Niche,Atp1a2,Ccl17,0.3003030622932305
3,RNA -> Niche,Atp1a2,Hmox1,0.1881701126225856
3,RNA -> Niche,Atp1a2,Ifi27l2b,0.21195668347095767
3,RNA -> Niche,Atp1a2,Ifit2,0.1695390918006808
3,RNA -> Niche,Atp1a2,Ighg1,0.3867907913129937
3,RNA -> Niche,Atp1a2,Igkc,0.271369637093969
3,RNA -> Niche,Atp1a2,Iglc1,0.23827454677300786
3,RNA -> Niche,Atp1a2,Iglc3,0.4114155673154076
3,RNA -> Niche,Atp1a2,Lgals2,0.33641479926174606
3,RNA -> Niche,Atp1a2,Lgals4,0.5896554915836575
3,RNA -> Niche,Atp1a2,Mgat3,0.23274820017404066
3,RNA -> Niche,Atp1a2,Nkain4,0.7060023541359164
3,RNA -> Niche,Atp1a2,Ptprg,0.31239110508286344
3,RNA -> Niche,Atp1a2,Sell,0.3451883400246792
3,RNA -> Niche,Atp1a2,Tagln,0.26940547586148755
3,RNA -> Niche,Atp1a2,Thbs3,0.3093008865560572
3,RNA -> Niche,Atp1a2,Tmprss2,0.3013411632641797
3,RNA -> Niche,Atp1a2,Ubd,0.43880497309898225
3,RNA -> Niche,Ccbe1,Ace2,0.49720789651267916
3,RNA -> Niche,Ccbe1,Calml4,0.704104074032096
3,RNA -> Niche,Ccbe1,Ccl17,0.9999999999999999
3,RNA -> Niche,Ccbe1,Hmox1,0.47042232925369604
3,RNA -> Niche,Ccbe1,Ifi27l2b,0.3076749404172318
3,RNA -> Niche,Ccbe1,Ifit2,0.5737163383744601
3,RNA -> Niche,Ccbe1,Ighg1,0.862574445653493
3,RNA -> Niche,Ccbe1,Igkc,0.7237322033234665
3,RNA -> Niche,Ccbe1,Iglc1,0.4542439897054205
3,RNA -> Niche,Ccbe1,Iglc3,0.4783361828592953
3,RNA -> Niche,Ccbe1,Lgals2,0.7407804360018508
3,RNA -> Niche,Ccbe1,Lgals4,0.6281022566090546
3,RNA -> Niche,Ccbe1,Mgat3,0.8644019807411747
3,RNA -> Niche,Ccbe1,Nkain4,0.5038741188924231
3,RNA -> Niche,Ccbe1,Ptprg,0.330550054092097
3,RNA -> Niche,Ccbe1,Sell,0.7380944203942879
3,RNA -> Niche,Ccbe1,Tagln,0.5054143587242035
3,RNA -> Niche,Ccbe1,Thbs3,0.3913852643025612
3,RNA -> Niche,Ccbe1,Tmprss2,0.5741991643146619
3,RNA -> Niche,Ccbe1,Ubd,0.5900979713674878
3,RNA -> Niche,Ccl17,Ace2,0.45053089597017676
3,RNA -> Niche,Ccl17,Calml4,0.7495725785598752
3,RNA -> Niche,Ccl17,Ccl17,0.874594973612553
3,RNA -> Niche,Ccl17,Hmox1,0.7783791345229538
3,RNA -> Niche,Ccl17,Ifi27l2b,0.41605714857969517
3,RNA -> Niche,Ccl17,Ifit2,0.5130014788642656
3,RNA -> Niche,Ccl17,Ighg1,0.7113032392360795
3,RNA -> Niche,Ccl17,Igkc,0.8616609578063195
3,RNA -> Niche,Ccl17,Iglc1,0.7581698102141268
3,RNA -> Niche,Ccl17,Iglc3,0.533796474098415
3,RNA -> Niche,Ccl17,Lgals2,0.7547601172815684
3,RNA -> Niche,Ccl17,Lgals4,0.4779434349186167
3,RNA -> Niche,Ccl17,Mgat3,0.77484494303401
3,RNA -> Niche,Ccl17,Nkain4,0.8769922685132475
3,RNA -> Niche,Ccl17,Ptprg,0.4782134670982889
3,RNA -> Niche,Ccl17,Sell,0.7224646124160996
3,RNA -> Niche,Ccl17,Tagln,0.9999999999999999
3,RNA -> Niche,Ccl17,Thbs3,0.5662178859216745
3,RNA -> Niche,Ccl17,Tmprss2,0.45398980093444613
3,RNA -> Niche,Ccl17,Ubd,0.836762481764216
3,RNA -> Niche,Fmn1,Ace2,0.5499044473982058
3,RNA -> Niche,Fmn1,Calml4,0.6143033925574116
3,RNA -> Niche,Fmn1,Ccl17,0.7701047834093206
3,RNA -> Niche,Fmn1,Hmox1,0.754950949338054
3,RNA -> Niche,Fmn1,Ifi27l2b,0.4899124852345601
3,RNA -> Niche,Fmn1,Ifit2,0.6465035512044122
3,RNA -> Niche,Fmn1,Ighg1,0.9033372492681021
3,RNA -> Niche,Fmn1,Igkc,0.8280182227217384
3,RNA -> Niche,Fmn1,Iglc1,0.529592509695868
3,RNA -> Niche,Fmn1,Iglc3,0.8005650393897465
3,RNA -> Niche,Fmn1,Lgals2,0.6998223389224717
3,RNA -> Niche,Fmn1,Lgals4,0.6656862479035319
3,RNA -> Niche,Fmn1,Mgat3,0.7228359020272703
3,RNA -> Niche,Fmn1,Nkain4,0.7027068887327194
3,RNA -> Niche,Fmn1,Ptprg,0.514093649629837
3,RNA -> Niche,Fmn1,Sell,0.6782174315495864
3,RNA -> Niche,Fmn1,Tagln,0.7026990113040601
3,RNA -> Niche,Fmn1,Thbs3,0.7517652387233748
3,RNA -> Niche,Fmn1,Tmprss2,0.5513030755759871
3,RNA -> Niche,Fmn1,Ubd,0.7048470816828049
3,RNA -> Niche,Gstm1,Ace2,0.23903792209279426
3,RNA -> Niche,Gstm1,Calml4,0.42386943158831064
3,RNA -> Niche,Gstm1,Ccl17,0.22326417105859195
3,RNA -> Niche,Gstm1,Hmox1,0.12794443748366285
3,RNA -> Niche,Gstm1,Ifi27l2b,0.11211985656674067
3,RNA -> Niche,Gstm1,Ifit2,0.20352214810381192
3,RNA -> Niche,Gstm1,Ighg1,0.1663578829677798
3,RNA -> Niche,Gstm1,Igkc,0.16695301648647798
3,RNA -> Niche,Gstm1,Iglc1,0.15186009046081175
3,RNA -> Niche,Gstm1,Iglc3,0.27410779367027116
3,RNA -> Niche,Gstm1,Lgals2,0.4327981043478948
3,RNA -> Niche,Gstm1,Lgals4,0.3176204122035003
3,RNA -> Niche,Gstm1,Mgat3,0.3104916269514431
3,RNA -> Niche,Gstm1,Nkain4,0.1689102169757476
3,RNA -> Niche,Gstm1,Ptprg,0.13635022202963118
3,RNA -> Niche,Gstm1,Sell,0.23208709615865128
3,RNA -> Niche,Gstm1,Tagln,0.18854547161427465
3,RNA -> Niche,Gstm1,Thbs3,0.23591048914743412
3,RNA -> Niche,Gstm1,Tmprss2,0.24484057138201745
3,RNA -> Niche,Gstm1,Ubd,0.18504567415918122
3,RNA -> Niche,Hist1h1e,Ace2,0.5147531942019443
3,RNA -> Niche,Hist1h1e,Calml4,0.7344068238751383
3,RNA -> Niche,Hist1h1e,Ccl17,0.7981756412946793
3,RNA -> Niche,Hist1h1e,Hmox1,0.3952943065801887
3,RNA -> Niche,Hist1h1e,Ifi27l2b,0.6720487927570516
3,RNA -> Niche,Hist1h1e,Ifit2,0.5677187669079051
3,RNA -> Niche,Hist1h1e,Ighg1,0.606049656968933
3,RNA -> Niche,Hist1h1e,Igkc,0.3289870691762338
3,RNA -> Niche,Hist1h1e,Iglc1,0.42314874659790597
3,RNA -> Niche,Hist1h1e,Iglc3,0.4836789905125549
3,RNA -> Niche,Hist1h1e,Lgals2,1.0000000000000002
3,RNA -> Niche,Hist1h1e,Lgals4,0.5782004423311886
3,RNA -> Niche,Hist1h1e,Mgat3,0.7608891450628793
3,RNA -> Niche,Hist1h1e,Nkain4,0.7098596174760444
3,RNA -> Niche,Hist1h1e,Ptprg,0.7183288991942897
3,RNA -> Niche,Hist1h1e,Sell,0.7829743483165355
3,RNA -> Niche,Hist1h1e,Tagln,0.6070019996663857
3,RNA -> Niche,Hist1h1e,Thbs3,0.4390855533286345
3,RNA -> Niche,Hist1h1e,Tmprss2,0.21593156950697187
3,RNA -> Niche,Hist1h1e,Ubd,0.4465504996165921
3,RNA -> Niche,Hist2h3c2,Ace2,0.4024375875011284
3,RNA -> Niche,Hist2h3c2,Calml4,0.5535391720291875
3,RNA -> Niche,Hist2h3c2,Ccl17,0.8984426761227347
3,RNA -> Niche,Hist2h3c2,Hmox1,0.5048600450715527
3,RNA -> Niche,Hist2h3c2,Ifi27l2b,0.2635259466388771
3,RNA -> Niche,Hist2h3c2,Ifit2,0.8336647898150572
3,RNA -> Niche,Hist2h3c2,Ighg1,0.8845334219714613
3,RNA -> Niche,Hist2h3c2,Igkc,0.5570812437014567
3,RNA -> Niche,Hist2h3c2,Iglc1,0.38584917900043925
3,RNA -> Niche,Hist2h3c2,Iglc3,0.691497575203924
3,RNA -> Niche,Hist2h3c2,Lgals2,1.0
3,RNA -> Niche,Hist2h3c2,Lgals4,0.8523076726102577
3,RNA -> Niche,Hist2h3c2,Mgat3,0.6088085792094526
3,RNA -> Niche,Hist2h3c2,Nkain4,0.6112809070341786
3,RNA -> Niche,Hist2h3c2,Ptprg,0.42243946841703794
3,RNA -> Niche,Hist2h3c2,Sell,0.8913525553915923
3,RNA -> Niche,Hist2h3c2,Tagln,0.7874670377761068
3,RNA -> Niche,Hist2h3c2,Thbs3,0.8272100747767148
3,RNA -> Niche,Hist2h3c2,Tmprss2,0.3248910346067689
3,RNA -> Niche,Hist2h3c2,Ubd,0.7338229943862028
3,RNA -> Niche,Hmga2,Ace2,0.35714465681345203
3,RNA -> Niche,Hmga2,Calml4,0.4819612551645524
3,RNA -> Niche,Hmga2,Ccl17,0.5830246180448749
3,RNA -> Niche,Hmga2,Hmox1,0.42095215697857563
3,RNA -> Niche,Hmga2,Ifi27l2b,0.2198560922238149
3,RNA -> Niche,Hmga2,Ifit2,0.31499052519485116
3,RNA -> Niche,Hmga2,Ighg1,0.4316646045182445
3,RNA -> Niche,Hmga2,Igkc,0.5065463429735052
3,RNA -> Niche,Hmga2,Iglc1,0.46505224594194017
3,RNA -> Niche,Hmga2,Iglc3,0.2566028055318503
3,RNA -> Niche,Hmga2,Lgals2,0.65461989165939
3,RNA -> Niche,Hmga2,Lgals4,0.4189290242551583
3,RNA -> Niche,Hmga2,Mgat3,0.607609689456108
3,RNA -> Niche,Hmga2,Nkain4,0.503981171014542
3,RNA -> Niche,Hmga2,Ptprg,0.30055461754179114
3,RNA -> Niche,Hmga2,Sell,0.4358199676405338
3,RNA -> Niche,Hmga2,Tagln,0.5965807273868797
3,RNA -> Niche,Hmga2,Thbs3,0.2246032558274338
3,RNA -> Niche,Hmga2,Tmprss2,0.2736315800088225
3,RNA -> Niche,Hmga2,Ubd,0.563964047178274
3,RNA -> Niche,Ifi213,Ace2,0.6035717959379264
3,RNA -> Niche,Ifi213,Calml4,0.8843126944754838
3,RNA -> Niche,Ifi213,Ccl17,0.8871274671454885
3,RNA -> Niche,Ifi213,Hmox1,0.6241860231809235
3,RNA -> Niche,Ifi213,Ifi27l2b,0.672730242322937
3,RNA -> Niche,Ifi213,Ifit2,0.7158164966323112
3,RNA -> Niche,Ifi213,Ighg1,0.8194174572309003
3,RNA -> Niche,Ifi213,Igkc,0.6505824434984349
3,RNA -> Niche,Ifi213,Iglc1,0.6229461620084555
3,RNA -> Niche,Ifi213,Iglc3,0.7073496390582985
3,RNA -> Niche,Ifi213,Lgals2,0.8592490994676975
3,RNA -> Niche,Ifi213,Lgals4,0.6208393217334327
3,RNA -> Niche,Ifi213,Mgat3,0.8958056375123898
3,RNA -> Niche,Ifi213,Nkain4,0.7115884802080303
3,RNA -> Niche,Ifi213,Ptprg,0.7835293591148887
3,RNA -> Niche,Ifi213,Sell,1.0
3,RNA -> Niche,Ifi213,Tagln,0.7861611468423596
3,RNA -> Niche,Ifi213,Thbs3,0.5281224600354901
3,RNA -> Niche,Ifi213,Tmprss2,0.37766776510727473
3,RNA -> Niche,Ifi213,Ubd,0.6466574923926044
3,RNA -> Niche,Igha,Ace2,0.5294161809732103
3,RNA -> Niche,Igha,Calml4,0.3148519659518072
3,RNA -> Niche,Igha,Ccl17,0.4598182149278169
3,RNA -> Niche,Igha,Hmox1,0.5219542344843379
3,RNA -> Niche,Igha,Ifi27l2b,0.2967289130142053
3,RNA -> Niche,Igha,Ifit2,0.451186598112249
3,RNA -> Niche,Igha,Ighg1,0.7305566390716911
3,RNA -> Niche,Igha,Igkc,0.9320739106226007
3,RNA -> Niche,Igha,Iglc1,0.7992520537378689
3,RNA -> Niche,Igha,Iglc3,0.8031918262532575
3,RNA -> Niche,Igha,Lgals2,0.34203367858112393
3,RNA -> Niche,Igha,Lgals4,0.3446823842038656
3,RNA -> Niche,Igha,Mgat3,0.30386239451901936
3,RNA -> Niche,Igha,Nkain4,0.5029268552232554
3,RNA -> Niche,Igha,Ptprg,0.29423561882040355
3,RNA -> Niche,Igha,Sell,0.4154283823205534
3,RNA -> Niche,Igha,Tagln,0.5949952825625888
3,RNA -> Niche,Igha,Thbs3,0.4906952545839658
3,RNA -> Niche,Igha,Tmprss2,0.4370193376880515
3,RNA -> Niche,Igha,Ubd,0.6452651637129382
3,RNA -> Niche,Ighg1,Ace2,0.2855455708710185
3,RNA -> Niche,Ighg1,Calml4,0.4398193411739322
3,RNA -> Niche,Ighg1,Ccl17,0.29276580916590883
3,RNA -> Niche,Ighg1,Hmox1,0.20399464319196176
3,RNA -> Niche,Ighg1,Ifi27l2b,0.3139416052461452
3,RNA -> Niche,Ighg1,Ifit2,0.2928210340164454
3,RNA -> Niche,Ighg1,Ighg1,0.36526478058784506
3,RNA -> Niche,Ighg1,Igkc,0.46572483941558057
3,RNA -> Niche,Ighg1,Iglc1,0.29767003781202966
3,RNA -> Niche,Ighg1,Iglc3,0.3754613727688532
3,RNA -> Niche,Ighg1,Lgals2,0.5253273477293352
3,RNA -> Niche,Ighg1,Lgals4,0.42994581502215995
3,RNA -> Niche,Ighg1,Mgat3,0.311203667550191
3,RNA -> Niche,Ighg1,Nkain4,0.26779720462565504
3,RNA -> Niche,Ighg1,Ptprg,0.2398170383967461
3,RNA -> Niche,Ighg1,Sell,0.3056233935750614
3,RNA -> Niche,Ighg1,Tagln,0.3002672065697949
3,RNA -> Niche,Ighg1,Thbs3,0.40884486769446177
3,RNA -> Niche,Ighg1,Tmprss2,0.2549729208910402
3,RNA -> Niche,Ighg1,Ubd,0.23287656242115856
3,RNA -> Niche,Igkc,Ace2,0.5916409585133363
3,RNA -> Niche,Igkc,Calml4,0.6336359745417498
3,RNA -> Niche,Igkc,Ccl17,0.6971854381457137
3,RNA -> Niche,Igkc,Hmox1,0.5974934178035444
3,RNA -> Niche,Igkc,Ifi27l2b,0.3572626015240627
3,RNA -> Niche,Igkc,Ifit2,0.5872721389595627
3,RNA -> Niche,Igkc,Ighg1,0.9196732984603414
3,RNA -> Niche,Igkc,Igkc,1.0
3,RNA -> Niche,Igkc,Iglc1,0.958621854644745
3,RNA -> Niche,Igkc,Iglc3,0.8012056553579471
3,RNA -> Niche,Igkc,Lgals2,0.6535467466043752
3,RNA -> Niche,Igkc,Lgals4,0.5900139850270832
3,RNA -> Niche,Igkc,Mgat3,0.5258170687311278
3,RNA -> Niche,Igkc,Nkain4,0.7657853750526801
3,RNA -> Niche,Igkc,Ptprg,0.37902740938912216
3,RNA -> Niche,Igkc,Sell,0.6342434831064324
3,RNA -> Niche,Igkc,Tagln,0.8450568409749116
3,RNA -> Niche,Igkc,Thbs3,0.5009497745969461
3,RNA -> Niche,Igkc,Tmprss2,0.5345417557087102
3,RNA -> Niche,Igkc,Ubd,0.8698865127913026
3,RNA -> Niche,Iglc1,Ace2,0.38926989923834077
3,RNA -> Niche,Iglc1,Calml4,0.3591615460948813
3,RNA -> Niche,Iglc1,Ccl17,0.3819982933266493
3,RNA -> Niche,Iglc1,Hmox1,0.46053675788030884
3,RNA -> Niche,Iglc1,Ifi27l2b,0.25188864305927805
3,RNA -> Niche,Iglc1,Ifit2,0.4592238438433717
3,RNA -> Niche,Iglc1,Ighg1,0.6124604547461341
3,RNA -> Niche,Iglc1,Igkc,1.0
3,RNA -> Niche,Iglc1,Iglc1,0.6375807947743581
3,RNA -> Niche,Iglc1,Iglc3,0.8010022421518184
3,RNA -> Niche,Iglc1,Lgals2,0.3070489776780678
3,RNA -> Niche,Iglc1,Lgals4,0.36430816866710236
3,RNA -> Niche,Iglc1,Mgat3,0.4246455604817115
3,RNA -> Niche,Iglc1,Nkain4,0.3988555624821726
3,RNA -> Niche,Iglc1,Ptprg,0.2615573667629245
3,RNA -> Niche,Iglc1,Sell,0.42685706696733433
3,RNA -> Niche,Iglc1,Tagln,0.4427798626445635
3,RNA -> Niche,Iglc1,Thbs3,0.34523639066395057
3,RNA -> Niche,Iglc1,Tmprss2,0.3898255912076905
3,RNA -> Niche,Iglc1,Ubd,0.43800039148032527
3,RNA -> Niche,Iglc3,Ace2,0.2970347611027444
3,RNA -> Niche,Iglc3,Calml4,0.24582747188418944
3,RNA -> Niche,Iglc3,Ccl17,0.36808584753922235
3,RNA -> Niche,Iglc3,Hmox1,0.4461532331591256
3,RNA -> Niche,Iglc3,Ifi27l2b,0.18744783130131232
3,RNA -> Niche,Iglc3,Ifit2,0.46295650838953983
3,RNA -> Niche,Iglc3,Ighg1,0.6128231479410146
3,RNA -> Niche,Iglc3,Igkc,0.9230794713772341
3,RNA -> Niche,Iglc3,Iglc1,0.5077344533385484
3,RNA -> Niche,Iglc3,Iglc3,0.7749138844484695
3,RNA -> Niche,Iglc3,Lgals2,0.24328125287624094
3,RNA -> Niche,Iglc3,Lgals4,0.31921600199450817
3,RNA -> Niche,Iglc3,Mgat3,0.31572734319820955
3,RNA -> Niche,Iglc3,Nkain4,0.330796334986942
3,RNA -> Niche,Iglc3,Ptprg,0.22384544504923795
3,RNA -> Niche,Iglc3,Sell,0.31943834439465035
3,RNA -> Niche,Iglc3,Tagln,0.38759973865481834
3,RNA -> Niche,Iglc3,Thbs3,0.3923519724247007
3,RNA -> Niche,Iglc3,Tmprss2,0.38400355244637846
3,RNA -> Niche,Iglc3,Ubd,0.4802847863704839
3,RNA -> Niche,Mzb1,Ace2,0.3179019434016525
3,RNA -> Niche,Mzb1,Calml4,0.592434764133146
3,RNA -> Niche,Mzb1,Ccl17,0.5373152784869767
3,RNA -> Niche,Mzb1,Hmox1,0.22251103180571716
3,RNA -> Niche,Mzb1,Ifi27l2b,0.22507911556022947
3,RNA -> Niche,Mzb1,Ifit2,0.37313686941200813
3,RNA -> Niche,Mzb1,Ighg1,0.41594143541921813
3,RNA -> Niche,Mzb1,Igkc,0.4092278197235971
3,RNA -> Niche,Mzb1,Iglc1,0.4032980797923031
3,RNA -> Niche,Mzb1,Iglc3,0.5601718588742418
3,RNA -> Niche,Mzb1,Lgals2,0.7564833590946166
3,RNA -> Niche,Mzb1,Lgals4,0.547967978300562
3,RNA -> Niche,Mzb1,Mgat3,0.4814902174003346
3,RNA -> Niche,Mzb1,Nkain4,0.3779617110413672
3,RNA -> Niche,Mzb1,Ptprg,0.2806364797491042
3,RNA -> Niche,Mzb1,Sell,0.4140844841848967
3,RNA -> Niche,Mzb1,Tagln,0.4459347086031504
3,RNA -> Niche,Mzb1,Thbs3,0.30721195943520013
3,RNA -> Niche,Mzb1,Tmprss2,0.29170563498953395
3,RNA -> Niche,Mzb1,Ubd,0.41112722253275447
3,RNA -> Niche,Pycr1,Ace2,0.40764724828251975
3,RNA -> Niche,Pycr1,Calml4,0.6024800003872978
3,RNA -> Niche,Pycr1,Ccl17,0.48970261982653934
3,RNA -> Niche,Pycr1,Hmox1,0.3001167421066955
3,RNA -> Niche,Pycr1,Ifi27l2b,0.24851062981828997
3,RNA -> Niche,Pycr1,Ifit2,0.4278176315585659
3,RNA -> Niche,Pycr1,Ighg1,0.8542106766620421
3,RNA -> Niche,Pycr1,Igkc,0.892805933162636
3,RNA -> Niche,Pycr1,Iglc1,0.5859185445083724
3,RNA -> Niche,Pycr1,Iglc3,0.6311640601241888
3,RNA -> Niche,Pycr1,Lgals2,0.6883867962505558
3,RNA -> Niche,Pycr1,Lgals4,0.5601694818848526
3,RNA -> Niche,Pycr1,Mgat3,0.48509869082486384
3,RNA -> Niche,Pycr1,Nkain4,0.2921283984023689
3,RNA -> Niche,Pycr1,Ptprg,0.40214733389467144
3,RNA -> Niche,Pycr1,Sell,0.49705669201365715
3,RNA -> Niche,Pycr1,Tagln,0.48036925224546406
3,RNA -> Niche,Pycr1,Thbs3,0.30603385882603235
3,RNA -> Niche,Pycr1,Tmprss2,0.24591660707021568
3,RNA -> Niche,Pycr1,Ubd,0.45280495153565065
3,RNA -> Niche,Rbbp8,Ace2,0.4626918044760132
3,RNA -> Niche,Rbbp8,Calml4,0.3326356147602343
3,RNA -> Niche,Rbbp8,Ccl17,0.21719556944642865
3,RNA -> Niche,Rbbp8,Hmox1,0.1341295566836678
3,RNA -> Niche,Rbbp8,Ifi27l2b,0.24852828521526055
3,RNA -> Niche,Rbbp8,Ifit2,0.17741272241590939
3,RNA -> Niche,Rbbp8,Ighg1,0.305651888075936
3,RNA -> Niche,Rbbp8,Igkc,0.2930329843367784
3,RNA -> Niche,Rbbp8,Iglc1,0.24139260255744532
3,RNA -> Niche,Rbbp8,Iglc3,0.29808249476809007
3,RNA -> Niche,Rbbp8,Lgals2,0.3842197278091679
3,RNA -> Niche,Rbbp8,Lgals4,0.5778281841562738
3,RNA -> Niche,Rbbp8,Mgat3,0.2203532891942765
3,RNA -> Niche,Rbbp8,Nkain4,0.24864776189220567
3,RNA -> Niche,Rbbp8,Ptprg,0.30632039632109914
3,RNA -> Niche,Rbbp8,Sell,0.19846353053514607
3,RNA -> Niche,Rbbp8,Tagln,0.17335636270829285
3,RNA -> Niche,Rbbp8,Thbs3,0.1405050403718018
3,RNA -> Niche,Rbbp8,Tmprss2,0.14384167456875724
3,RNA -> Niche,Rbbp8,Ubd,0.21032865402157871
3,RNA -> Niche,Sema4g,Ace2,0.38859828586717277
3,RNA -> Niche,Sema4g,Calml4,0.6656261905900908
3,RNA -> Niche,Sema4g,Ccl17,0.4215356172084263
3,RNA -> Niche,Sema4g,Hmox1,0.14748471258560863
3,RNA -> Niche,Sema4g,Ifi27l2b,0.19876112670560164
3,RNA -> Niche,Sema4g,Ifit2,0.3083453595353475
3,RNA -> Niche,Sema4g,Ighg1,0.3290202899741131
3,RNA -> Niche,Sema4g,Igkc,0.20990525456287884
3,RNA -> Niche,Sema4g,Iglc1,0.273647088790566
3,RNA -> Niche,Sema4g,Iglc3,0.11585245943111484
3,RNA -> Niche,Sema4g,Lgals2,0.7810854127898976
3,RNA -> Niche,Sema4g,Lgals4,0.5130896311347735
3,RNA -> Niche,Sema4g,Mgat3,0.5116576568393907
3,RNA -> Niche,Sema4g,Nkain4,0.15485232001453902
3,RNA -> Niche,Sema4g,Ptprg,0.23059478301048308
3,RNA -> Niche,Sema4g,Sell,0.40352318340232307
3,RNA -> Niche,Sema4g,Tagln,0.3791145421245561
3,RNA -> Niche,Sema4g,Thbs3,0.1325196396581918
3,RNA -> Niche,Sema4g,Tmprss2,0.12117946680798641
3,RNA -> Niche,Sema4g,Ubd,0.395049791675482
3,RNA -> Niche,Slpi,Ace2,0.4779880430477489
3,RNA -> Niche,Slpi,Calml4,0.38600584065743615
3,RNA -> Niche,Slpi,Ccl17,0.5311276036805617
3,RNA -> Niche,Slpi,Hmox1,0.5143327932840311
3,RNA -> Niche,Slpi,Ifi27l2b,0.2648042856392602
3,RNA -> Niche,Slpi,Ifit2,0.5480724568177643
3,RNA -> Niche,Slpi,Ighg1,0.7930143600429015
3,RNA -> Niche,Slpi,Igkc,0.9405041888488066
3,RNA -> Niche,Slpi,Iglc1,0.5810878945377494
3,RNA -> Niche,Slpi,Iglc3,0.8802157096685506
3,RNA -> Niche,Slpi,Lgals2,0.46288603578290966
3,RNA -> Niche,Slpi,Lgals4,0.5392867736032272
3,RNA -> Niche,Slpi,Mgat3,0.4577976127076992
3,RNA -> Niche,Slpi,Nkain4,0.3734967739091978
3,RNA -> Niche,Slpi,Ptprg,0.31763906853269575
3,RNA -> Niche,Slpi,Sell,0.4826107159084898
3,RNA -> Niche,Slpi,Tagln,0.5201317425541597
3,RNA -> Niche,Slpi,Thbs3,0.5506013691911738
3,RNA -> Niche,Slpi,Tmprss2,0.44568248048782166
3,RNA -> Niche,Slpi,Ubd,0.5480045978404509
3,RNA -> Niche,Ubac2,Ace2,0.593801468710367
3,RNA -> Niche,Ubac2,Calml4,0.8625110777087435
3,RNA -> Niche,Ubac2,Ccl17,0.6698440622566804
3,RNA -> Niche,Ubac2,Hmox1,0.6215902799036218
3,RNA -> Niche,Ubac2,Ifi27l2b,0.5136759507290077
3,RNA -> Niche,Ubac2,Ifit2,0.9347200699131736
3,RNA -> Niche,Ubac2,Ighg1,0.8806046962698407
3,RNA -> Niche,Ubac2,Igkc,0.6374147155179881
3,RNA -> Niche,Ubac2,Iglc1,0.49684860268096365
3,RNA -> Niche,Ubac2,Iglc3,0.8367313093872981
3,RNA -> Niche,Ubac2,Lgals2,0.8755986227412995
3,RNA -> Niche,Ubac2,Lgals4,0.8527659270928539
3,RNA -> Niche,Ubac2,Mgat3,0.769740789427725
3,RNA -> Niche,Ubac2,Nkain4,0.47882510166684095
3,RNA -> Niche,Ubac2,Ptprg,0.6326649351399406
3,RNA -> Niche,Ubac2,Sell,0.6930316313758755
3,RNA -> Niche,Ubac2,Tagln,0.5686360795578352
3,RNA -> Niche,Ubac2,Thbs3,0.8031101203762779
3,RNA -> Niche,Ubac2,Tmprss2,0.6400590859490829
3,RNA -> Niche,Ubac2,Ubd,0.6394934902464817
